keyword,volume,cpc,competition,seed
"electrician commercial",14800,18.08,LOW,"commercial electrician"
"commercial-electrician",14800,18.08,LOW,"commercial electrician"
"commercial electrician",14800,18.08,LOW,"commercial electrician"
"three-phase power",9900,1.26,LOW,"three phase"
"three phase electricity",9900,1.26,LOW,"three phase"
"three phase electric power",9900,1.26,LOW,"three phase"
"three-phase electric power",9900,1.26,LOW,"three phase"
"phase three power",9900,1.26,LOW,"three phase"
"three phase power",9900,1.26,LOW,"three phase"
"three phase electrical",9900,1.26,LOW,"three phase"
"single phase and three phase power",9900,1.26,LOW,"three phase"
"three phase electric",9900,1.26,LOW,"three phase"
"grain silo bin",8100,2.51,LOW,"grain bin"
"grain bin",8100,2.51,LOW,"grain bin"
"industrial electrical generators",5400,4.88,HIGH,"industrial electrical"
"industrial electrical generator",5400,4.88,HIGH,"industrial electrical"
"single phase versus three phase power",5400,2.11,LOW,"three phase"
"single phase power vs three phase",5400,2.11,LOW,"three phase"
"three phase power vs single phase",5400,2.11,LOW,"three phase"
"three-phase power vs single-phase",5400,2.11,LOW,"three phase"
"three phase vs single phase electricity",5400,2.11,LOW,"three phase"
"single phase versus three phase",5400,2.11,LOW,"three phase"
"three-phase vs single phase",5400,2.11,LOW,"three phase"
"single vs three phase power",5400,2.11,LOW,"three phase"
"single phase vs three phase power",5400,2.11,LOW,"three phase"
"three phase vs single phase power",5400,2.11,LOW,"three phase"
"three phase vs single phase",5400,2.11,LOW,"three phase"
"single phase vs three phase electricity",5400,2.11,LOW,"three phase"
"single phase vs three phase",5400,2.11,LOW,"three phase"
"single versus three phase power",5400,2.11,LOW,"three phase"
"phase three mcu",4400,0.01,LOW,"three phase"
"grain bin for sale",3600,2.02,MEDIUM,"grain bin"
"for sale grain bin",3600,2.02,MEDIUM,"grain bin"
"silo grain bin for sale",3600,2.02,MEDIUM,"grain bin"
"grain bin sales",3600,2.02,MEDIUM,"grain bin"
"phase three brewing lake zurich",3600,0.44,LOW,"three phase"
"grain bin gazebos",2900,0.2,HIGH,"grain bin"
"gazebo grain bin",2900,0.2,HIGH,"grain bin"
"grain bin gazebo",2900,0.2,HIGH,"grain bin"
"industrial electrical supplies",2900,6.6,LOW,"industrial electrical"
"industrial electrical suppliers",2900,6.6,LOW,"industrial electrical"
"industrial electrical supplier",2900,6.6,LOW,"industrial electrical"
"industrial electrical supply",2900,6.6,LOW,"industrial electrical"
"what is three phase electric power",2900,0.52,LOW,"three phase"
"three phase to single phase converter",2900,2.9,HIGH,"three phase"
"what is three phase power",2900,0.52,LOW,"three phase"
"phase three brewing",2900,0.5,LOW,"three phase"
"1 phase to three phase converter",2900,2.9,HIGH,"three phase"
"single to three phase converters",2900,2.9,HIGH,"three phase"
"convert three phase to single phase",2900,2.9,HIGH,"three phase"
"what is three-phase power",2900,0.52,LOW,"three phase"
"what is three phase electricity",2900,0.52,LOW,"three phase"
"three phase to one phase converter",2900,2.9,HIGH,"three phase"
"marvel phase three",2900,0.18,LOW,"three phase"
"single to three phase converter",2900,2.9,HIGH,"three phase"
"three phase to single phase conversion",2900,2.9,HIGH,"three phase"
"single phase to three phase power converter",2900,2.9,HIGH,"three phase"
"phase converter single phase to three phase",2900,2.9,HIGH,"three phase"
"what is three phase electric",2900,0.52,LOW,"three phase"
"convert single phase to three phase",2900,2.9,HIGH,"three phase"
"single phase to three phase converter",2900,2.9,HIGH,"three phase"
"phase three marvel",2900,0.18,LOW,"three phase"
"phase three brewery",2900,0.5,LOW,"three phase"
"converting from single phase to three phase",2900,2.9,HIGH,"three phase"
"single phase to three phase converters",2900,2.9,HIGH,"three phase"
"three-phase to single-phase converter",2900,2.9,HIGH,"three phase"
"converter from single phase to three phase",2900,2.9,HIGH,"three phase"
"industrial electrical",2400,8.27,LOW,"industrial electrical"
"industrial electrical jobs",2400,1.82,LOW,"industrial electrical"
"electrical and industrial",2400,8.27,LOW,"industrial electrical"
"three phase generator",2400,2.57,HIGH,"three phase"
"three-phase electric motors",2400,1.97,HIGH,"three phase"
"three phase electric motors",2400,1.97,HIGH,"three phase"
"three phase electric motor wiring diagram",2400,0.03,LOW,"three phase"
"three phase electric motor",2400,1.97,HIGH,"three phase"
"three phase wiring diagram motor",2400,0.03,LOW,"three phase"
"three phase converters",2400,2.67,HIGH,"three phase"
"generator three phase",2400,2.57,HIGH,"three phase"
"three phase generators",2400,2.57,HIGH,"three phase"
"electric motors three-phase",2400,1.97,HIGH,"three phase"
"three phase motor wiring diagram",2400,0.03,LOW,"three phase"
"three-phase converters",2400,2.67,HIGH,"three phase"
"three phase electrical motor",2400,1.97,HIGH,"three phase"
"three phase electric generator",2400,2.57,HIGH,"three phase"
"three-phase motor connection diagram",2400,0.03,LOW,"three phase"
"three phase converter",2400,2.67,HIGH,"three phase"
"three-phase motor wiring diagram",2400,0.03,LOW,"three phase"
"three phase motor connection diagram",2400,0.03,LOW,"three phase"
"motor connection diagram three phase",2400,0.03,LOW,"three phase"
"grain bin house",1900,1.55,LOW,"grain bin"
"grain bin homes",1900,1.55,LOW,"grain bin"
"grain bin home",1900,1.55,LOW,"grain bin"
"grain bin houses",1900,1.55,LOW,"grain bin"
"grain bin housing",1900,1.55,LOW,"grain bin"
"electrical contractor industrial",1900,11.45,LOW,"industrial electrical"
"industrial electrical contractor",1900,11.45,LOW,"industrial electrical"
"industrial electrical contracting",1900,11.45,LOW,"industrial electrical"
"electrical contractors industrial",1900,11.45,LOW,"industrial electrical"
"electrical industrial contractors",1900,11.45,LOW,"industrial electrical"
"industrial electrical contractors",1900,11.45,LOW,"industrial electrical"
"three phase transformers",1900,7.14,HIGH,"three phase"
"three phase wire color code",1900,,LOW,"three phase"
"three-phase transformer",1900,7.14,HIGH,"three phase"
"three-phase transformers",1900,7.14,HIGH,"three phase"
"three phase transformer",1900,7.14,HIGH,"three phase"
"three phase wiring color code",1900,,LOW,"three phase"
"three phase power calculator",1600,,LOW,"three phase"
"three-phase power calculator",1600,,LOW,"three phase"
"house of poultry",1300,0.77,LOW,"poultry house"
"family house of fish and poultry",1300,0.77,LOW,"poultry house"
"family house of fish & poultry",1300,0.77,LOW,"poultry house"
"grain bin estimator",1300,4.25,LOW,"grain bin"
"grain bin cafe",1300,,LOW,"grain bin"
"grain bin cafe and store",1300,,LOW,"grain bin"
"grain bin calculator",1300,4.25,LOW,"grain bin"
"grain bin restaurant",1300,,LOW,"grain bin"
"gsi grain bin",1300,1.71,MEDIUM,"grain bin"
"electrician commercial near me",1300,14.07,HIGH,"commercial electrician"
"three phase voltage",1300,3.91,LOW,"three phase"
"three phase voltages",1300,3.91,LOW,"three phase"
"voltage of three phase",1300,3.91,LOW,"three phase"
"480v three phase",1300,,LOW,"three phase"
"three phase wiring",1300,0.92,MEDIUM,"three phase"
"phase three clinical trial",1300,14.67,LOW,"three phase"
"three phase wire",1300,0.92,MEDIUM,"three phase"
"three-phase voltage",1300,3.91,LOW,"three phase"
"three phase wires",1300,0.92,MEDIUM,"three phase"
"three phase ac wiring",1300,0.92,MEDIUM,"three phase"
"three-phase wiring",1300,0.92,MEDIUM,"three phase"
"three-phase wires",1300,0.92,MEDIUM,"three phase"
"480v three-phase",1300,,LOW,"three phase"
"three-phase wire",1300,0.92,MEDIUM,"three phase"
"three phase 480v",1300,,LOW,"three phase"
"used grain bin for sale",1000,0.51,LOW,"grain bin"
"the grain bin",1000,0.05,LOW,"grain bin"
"grain bin for sale used",1000,0.51,LOW,"grain bin"
"commercial electrician job",1000,2.91,LOW,"commercial electrician"
"commercial electrician pay",1000,5.21,LOW,"commercial electrician"
"electrician commercial jobs",1000,2.91,LOW,"commercial electrician"
"electrician commercial salary",1000,5.21,LOW,"commercial electrician"
"commercial electrician jobs",1000,2.91,LOW,"commercial electrician"
"commercial electrician wage",1000,5.21,LOW,"commercial electrician"
"commercial electrician careers",1000,2.91,LOW,"commercial electrician"
"commercial electrician career",1000,2.91,LOW,"commercial electrician"
"commercial electrician wages",1000,5.21,LOW,"commercial electrician"
"commercial electrician salary",1000,5.21,LOW,"commercial electrician"
"industrial electrical apprenticeship",1000,6.77,LOW,"industrial electrical"
"industrial electrical apprentice",1000,6.77,LOW,"industrial electrical"
"industrial electrical apprenticeships",1000,6.77,LOW,"industrial electrical"
"stray voltage",1000,,LOW,"stray voltage"
"three phase disconnect",1000,1.3,HIGH,"three phase"
"three phase power calculation",1000,,LOW,"three phase"
"three phase power formula",1000,,LOW,"three phase"
"frequency drive for three phase motor",1000,3.17,HIGH,"three phase"
"three-phase power calculation",1000,,LOW,"three phase"
"three phase plug",1000,0.87,HIGH,"three phase"
"three phase panel",1000,1.12,HIGH,"three phase"
"vfd for three phase motor",1000,3.17,HIGH,"three phase"
"three-phase power formula",1000,,LOW,"three phase"
"three phase",1000,0.83,LOW,"three phase"
"power three phase formula",1000,,LOW,"three phase"
"three phase power formulas",1000,,LOW,"three phase"
"three phase panels",1000,1.12,HIGH,"three phase"
"formula for three phase power",1000,,LOW,"three phase"
"calculating three phase power",1000,,LOW,"three phase"
"three-phase power formulas",1000,,LOW,"three phase"
"three phase color codes",1000,,LOW,"three phase"
"phase three elmhurst",1000,,LOW,"three phase"
"three phase colour code",1000,,LOW,"three phase"
"three phase color code",1000,,LOW,"three phase"
"power formula three phase",1000,,LOW,"three phase"
"three-phase",1000,0.83,LOW,"three phase"
"poultry house",880,0.83,LOW,"poultry house"
"grain bin volume calculator",880,4.83,LOW,"grain bin"
"calculating grain bin capacity",880,4.83,LOW,"grain bin"
"capacity of grain bin calculator",880,4.83,LOW,"grain bin"
"brock grain bin",880,0.99,LOW,"grain bin"
"grain bin capacity calculator",880,4.83,LOW,"grain bin"
"sukup grain bin",880,1.99,LOW,"grain bin"
"three phase inverter",880,1.5,HIGH,"three phase"
"208 three phase",880,17.49,LOW,"three phase"
"three phase surge protector",880,2.12,HIGH,"three phase"
"three phase 208",880,17.49,LOW,"three phase"
"surge protector three phase",880,2.12,HIGH,"three phase"
"three phase inverters",880,1.5,HIGH,"three phase"
"three phase surge suppressor",880,2.12,HIGH,"three phase"
"three phase surge protection",880,2.12,HIGH,"three phase"
"surge protection three phase",880,2.12,HIGH,"three phase"
"house of raeford poultry",720,4.02,LOW,"poultry house"
"grain bin commodities",720,,LOW,"grain bin"
"industrial electrical service",720,5.69,LOW,"industrial electrical"
"industrial electrical cords",720,3.35,HIGH,"industrial electrical"
"industrial electrical near me",720,10.27,MEDIUM,"industrial electrical"
"industrial electrical jobs near me",720,1.88,LOW,"industrial electrical"
"industrial electrical services",720,5.69,LOW,"industrial electrical"
"electrical industrial services",720,5.69,LOW,"industrial electrical"
"industrial electrical cord",720,3.35,HIGH,"industrial electrical"
"single phase to three phase transformers",720,2.64,HIGH,"three phase"
"208v three phase",720,0.99,LOW,"three phase"
"three-phase symbol",720,,LOW,"three phase"
"how to connect three phase motor",720,0.07,LOW,"three phase"
"single phase to three phase transformer",720,2.64,HIGH,"three phase"
"three phase 208v",720,0.99,LOW,"three phase"
"phase three",720,0.07,LOW,"three phase"
"three phase symbol",720,,LOW,"three phase"
"three phase to one phase transformer",720,2.64,HIGH,"three phase"
"how to wire three phase motor",720,0.07,LOW,"three phase"
"marvel phase three movies",720,,LOW,"three phase"
"three phase electric panel",720,1.43,HIGH,"three phase"
"three phase motor",720,2.01,MEDIUM,"three phase"
"120/208 three phase",720,0.48,LOW,"three phase"
"60 amp three phase disconnect",720,1.88,HIGH,"three phase"
"how to wire a three phase electric motor",720,0.07,LOW,"three phase"
"three phase electrical panel",720,1.43,HIGH,"three phase"
"phase three marvel movies",720,,LOW,"three phase"
"three-phase electrical panel",720,1.43,HIGH,"three phase"
"three phase motors",720,2.01,MEDIUM,"three phase"
"how to wire a three phase motor",720,0.07,LOW,"three phase"
"120 208 three phase",720,0.48,LOW,"three phase"
"contactor three phase",720,1,HIGH,"three phase"
"three phase contactor",720,1,HIGH,"three phase"
"grain bin antique town",590,0.76,LOW,"grain bin"
"grain bin collapse illinois",590,,LOW,"grain bin"
"small grain bin",590,0.77,MEDIUM,"grain bin"
"grain bin antiques",590,0.76,LOW,"grain bin"
"commercial electrician apprenticeships",590,6.93,MEDIUM,"commercial electrician"
"commercial apprentice electrician",590,6.93,MEDIUM,"commercial electrician"
"commercial electrician apprenticeship",590,6.93,MEDIUM,"commercial electrician"
"commercial electrician apprentice",590,6.93,MEDIUM,"commercial electrician"
"industrial electrical cabinet",590,8.92,LOW,"industrial electrical"
"industrial electrical cabinets",590,8.92,LOW,"industrial electrical"
"electrical industrial",590,1.85,LOW,"industrial electrical"
"industrial electrical enclosures",590,8.92,LOW,"industrial electrical"
"three phase 200 amp panel",590,0.99,HIGH,"three phase"
"three phase outlet",590,1.54,HIGH,"three phase"
"480 three-phase",590,1,LOW,"three phase"
"how does three-phase power work",590,0.03,LOW,"three phase"
"200 amp three phase panel",590,0.99,HIGH,"three phase"
"480 three phase",590,1,LOW,"three phase"
"three phase motor starters",590,2.92,HIGH,"three phase"
"three phase power explained",590,0.91,LOW,"three phase"
"three phase starter motor",590,2.92,HIGH,"three phase"
"two phase vs three phase",590,,LOW,"three phase"
"three phase motor starter",590,2.92,HIGH,"three phase"
"three phase induction motor",590,3.33,HIGH,"three phase"
"phase three trial",590,4.56,LOW,"three phase"
"three phase induction machines",590,3.33,HIGH,"three phase"
"three phase delta vs wye",590,,LOW,"three phase"
"three phase wiring diagram",590,,LOW,"three phase"
"explain three phase electricity",590,0.91,LOW,"three phase"
"three phase ac induction motor",590,3.33,HIGH,"three phase"
"three phase ac induction motors",590,3.33,HIGH,"three phase"
"explain three phase power",590,0.91,LOW,"three phase"
"three phase wiring diagrams",590,,LOW,"three phase"
"three phase electricity explained",590,0.91,LOW,"three phase"
"three phase asynchronous electric motor",590,3.33,HIGH,"three phase"
"three phase connection diagram",590,,LOW,"three phase"
"three-phase delta vs wye",590,,LOW,"three phase"
"three phase motor induction",590,3.33,HIGH,"three phase"
"how three phase power works",590,0.03,LOW,"three phase"
"how three-phase electricity works",590,0.03,LOW,"three phase"
"three phase induction electric motor",590,3.33,HIGH,"three phase"
"three-phase induction motor",590,3.33,HIGH,"three phase"
"how does three phase power work",590,0.03,LOW,"three phase"
"three phase starter",590,2.92,HIGH,"three phase"
"how three phase electricity works",590,0.03,LOW,"three phase"
"three phase 480",590,1,LOW,"three phase"
"le coq & fils the poultry house",480,,LOW,"poultry house"
"grain storage bin",480,1.65,HIGH,"grain bin"
"auger for grain bin",480,1.74,MEDIUM,"grain bin"
"grain bin augers",480,1.74,MEDIUM,"grain bin"
"flat bottom grain bin",480,2.11,LOW,"grain bin"
"grain bin auger",480,1.74,MEDIUM,"grain bin"
"the grain bin restaurant",480,,LOW,"grain bin"
"auger grain bin",480,1.74,MEDIUM,"grain bin"
"grain bin storage",480,1.65,HIGH,"grain bin"
"commercial electrician apprentice jobs",480,3.04,LOW,"commercial electrician"
"commercial apprentice electrician jobs",480,3.04,LOW,"commercial electrician"
"how much does a commercial electrician make",480,,LOW,"commercial electrician"
"difference between single phase and three phase electricity",480,0.03,LOW,"three phase"
"wiring three phase motor",480,0.01,LOW,"three phase"
"three phase switches",480,1.14,HIGH,"three phase"
"240 three phase",480,0.3,LOW,"three phase"
"three phase air conditioner",480,3.57,MEDIUM,"three phase"
"three phase 240",480,0.3,LOW,"three phase"
"phase three brewing lake zurich donata court lake zurich il",480,,LOW,"three phase"
"240v three phase",480,,LOW,"three phase"
"three phase alternating current",480,3.57,MEDIUM,"three phase"
"ermco three phase",480,0.1,LOW,"three phase"
"three phase electric motor wiring",480,0.01,LOW,"three phase"
"three phase breaker panel",480,1.05,HIGH,"three phase"
"difference between three phase and single phase power",480,0.03,LOW,"three phase"
"difference between single phase and three phase power",480,0.03,LOW,"three phase"
"three phase switch",480,1.14,HIGH,"three phase"
"three-phase rectifier",480,0.73,LOW,"three phase"
"three phase ac",480,3.57,MEDIUM,"three phase"
"three phase rectifier",480,0.73,LOW,"three phase"
"three phase motor wiring",480,0.01,LOW,"three phase"
"three phase transformer wiring diagram",480,,LOW,"three phase"
"three phase & single phase difference between",480,0.03,LOW,"three phase"
"difference between single phase and three phase supply",480,0.03,LOW,"three phase"
"three-phase motor wiring",480,0.01,LOW,"three phase"
"three phase 240v",480,,LOW,"three phase"
"three-phase transformer wiring diagram",480,,LOW,"three phase"
"three-phase ac",480,3.57,MEDIUM,"three phase"
"illinois grain bin collapse",390,,,"grain bin"
"grain bin for sale near me",390,1.56,MEDIUM,"grain bin"
"antique wood grain bin",390,0.15,LOW,"grain bin"
"grain bin bars",390,0.03,LOW,"grain bin"
"grain bin collapse",390,,LOW,"grain bin"
"martinton illinois grain bin collapse",390,,LOW,"grain bin"
"grain bin cafe menu",390,,LOW,"grain bin"
"grain bin bar",390,0.03,LOW,"grain bin"
"antique wooden grain bin",390,0.15,LOW,"grain bin"
"residential vs commercial electrician",390,,LOW,"commercial electrician"
"commercial electrician houston",390,9.91,MEDIUM,"commercial electrician"
"commercial electrician in houston",390,9.91,MEDIUM,"commercial electrician"
"electrician residential vs commercial",390,,LOW,"commercial electrician"
"residential electrician vs commercial",390,,LOW,"commercial electrician"
"commercial electrician vs residential",390,,LOW,"commercial electrician"
"houston commercial electrician",390,9.91,MEDIUM,"commercial electrician"
"commercial electrician houston tx",390,9.91,MEDIUM,"commercial electrician"
"commercial vs residential electrician",390,,LOW,"commercial electrician"
"industrial electrical company",390,5.18,LOW,"industrial electrical"
"industrial electrical wiring",390,2.02,MEDIUM,"industrial electrical"
"industrial electrical companies",390,5.18,LOW,"industrial electrical"
"industrial electrical supply near me",390,4.01,HIGH,"industrial electrical"
"industrial electrical courses",390,7.65,LOW,"industrial electrical"
"industrial electrical course",390,7.65,LOW,"industrial electrical"
"industrial electrical supplies near me",390,4.01,HIGH,"industrial electrical"
"what is industrial electrical",390,,LOW,"industrial electrical"
"industrial electrical suppliers near me",390,4.01,HIGH,"industrial electrical"
"three phase circuit breakers",390,1.08,HIGH,"three phase"
"three phase rotation meter",390,1.42,HIGH,"three phase"
"three phase 100 amp panel",390,1.66,HIGH,"three phase"
"three phase delta",390,,LOW,"three phase"
"three-phase voltage drop formula",390,,LOW,"three phase"
"what is the difference between single phase and three phase",390,0.86,LOW,"three phase"
"single phase to three phase vfd",390,1.91,HIGH,"three phase"
"portable three phase generator",390,1.68,HIGH,"three phase"
"how to test three phase motor",390,5.15,LOW,"three phase"
"what is three phase motor",390,,LOW,"three phase"
"what is a three-phase motor",390,,LOW,"three phase"
"three phase rotary converter",390,6.52,HIGH,"three phase"
"phase three brewing company",390,1.29,LOW,"three phase"
"three phase portable generator",390,1.68,HIGH,"three phase"
"what is difference between single phase and three phase",390,0.86,LOW,"three phase"
"what is a three phase motor",390,,LOW,"three phase"
"three phase power systems",390,7.42,LOW,"three phase"
"what is three-phase",390,0.07,LOW,"three phase"
"vfd single phase to three phase",390,1.91,HIGH,"three phase"
"three-phase delta",390,,LOW,"three phase"
"three phase breaker",390,1.08,HIGH,"three phase"
"voltage drop formula for three-phase",390,,LOW,"three phase"
"voltage drop formula for three phase",390,,LOW,"three phase"
"three phase air compressor",390,5.14,HIGH,"three phase"
"what is difference between single phase and three phase electricity",390,0.86,LOW,"three phase"
"what is the difference between single and three phase power",390,0.86,LOW,"three phase"
"three phase voltage drop formula",390,,LOW,"three phase"
"how to test a three phase motor",390,5.15,LOW,"three phase"
"three-phase ac system",390,7.42,LOW,"three phase"
"vfd single to three phase",390,1.91,HIGH,"three phase"
"single phase to three phase variable frequency drive",390,1.91,HIGH,"three phase"
"three phase elevator",390,,LOW,"three phase"
"what is three phase",390,0.07,LOW,"three phase"
"three phase sine wave",390,,LOW,"three phase"
"three-phase breaker",390,1.08,HIGH,"three phase"
"what is three-phase motor",390,,LOW,"three phase"
"three-phase sine wave",390,,LOW,"three phase"
"three phase supply system",390,7.42,LOW,"three phase"
"three phase power system",390,7.42,LOW,"three phase"
"three phase circuit breaker",390,1.08,HIGH,"three phase"
"rotary three phase converter",390,6.52,HIGH,"three phase"
"grain bin gazebo ideas",320,0.05,MEDIUM,"grain bin"
"portable grain bin",320,6.01,MEDIUM,"grain bin"
"grain bin jacks",320,,LOW,"grain bin"
"antique grain bin for sale",320,0.11,LOW,"grain bin"
"commercial electrician denver co",320,9.06,MEDIUM,"commercial electrician"
"denver commercial electrician",320,9.06,MEDIUM,"commercial electrician"
"commercial electrician denver",320,9.06,MEDIUM,"commercial electrician"
"commercial electrician jobs near me",320,1.23,LOW,"commercial electrician"
"industrial electrical contractors near me",320,6.33,LOW,"industrial electrical"
"industrial electrical apprentice jobs",320,2.77,LOW,"industrial electrical"
"modesto industrial electrical",320,3.19,LOW,"industrial electrical"
"industrial electrical co",320,3.19,LOW,"industrial electrical"
"three phase motor vs single phase motor",320,,LOW,"three phase"
"three phase motor diagram",320,,LOW,"three phase"
"ac three phase motor",320,1.31,MEDIUM,"three phase"
"three phase monitors",320,2.58,HIGH,"three phase"
"single phase three phase",320,4.2,HIGH,"three phase"
"single phase motor vs three-phase motor",320,,LOW,"three phase"
"three phase power supply",320,2.94,MEDIUM,"three phase"
"three phase monitor",320,2.58,HIGH,"three phase"
"three-phase power supplies",320,2.94,MEDIUM,"three phase"
"three-phase monitor relay",320,4.75,HIGH,"three phase"
"three-phase circuits",320,2.12,LOW,"three phase"
"three phase ac motor",320,1.31,MEDIUM,"three phase"
"three phase and single phase",320,4.2,HIGH,"three phase"
"three phase amps calculator",320,,LOW,"three phase"
"three-phase motor vs single phase motor",320,,LOW,"three phase"
"three-phase power supply",320,2.94,MEDIUM,"three phase"
"three-phase supply voltage",320,,LOW,"three phase"
"three phase power voltage",320,,LOW,"three phase"
"three phase monitoring relay",320,4.75,HIGH,"three phase"
"three phase supply",320,2.94,MEDIUM,"three phase"
"single-phase vs three-phase motor",320,,LOW,"three phase"
"three-phase power voltage",320,,LOW,"three phase"
"three phase amperage calculator",320,,LOW,"three phase"
"three phase pv inverter",320,1.25,HIGH,"three phase"
"three phase of menstrual cycle",320,,LOW,"three phase"
"single phase vs three-phase motor",320,,LOW,"three phase"
"ac motor three-phase",320,1.31,MEDIUM,"three phase"
"bridge rectifier three phase",320,0.92,HIGH,"three phase"
"three-phase monitoring relay",320,4.75,HIGH,"three phase"
"three-phase motor diagram",320,,LOW,"three phase"
"three phase solar inverter",320,1.25,HIGH,"three phase"
"single phase to three phase",320,4.2,HIGH,"three phase"
"three-phase circuit",320,2.12,LOW,"three phase"
"three-phase monitor",320,2.58,HIGH,"three phase"
"phase three lake zurich",320,,LOW,"three phase"
"three phase single phase",320,4.2,HIGH,"three phase"
"three phase contactor wiring diagram",320,,LOW,"three phase"
"three phase amp calculator",320,,LOW,"three phase"
"three phase from single phase",320,4.2,HIGH,"three phase"
"three phase circuits",320,2.12,LOW,"three phase"
"three phase circuit",320,2.12,LOW,"three phase"
"single phase motor vs three phase motor",320,,LOW,"three phase"
"three phase to single phase",320,4.2,HIGH,"three phase"
"solar inverter three phase",320,1.25,HIGH,"three phase"
"three phase inverter solar",320,1.25,HIGH,"three phase"
"ac three-phase motor",320,1.31,MEDIUM,"three phase"
"three phase a c motor",320,1.31,MEDIUM,"three phase"
"three phase bridge rectifier",320,0.92,HIGH,"three phase"
"three phase to single",320,4.2,HIGH,"three phase"
"solar three phase inverter",320,1.25,HIGH,"three phase"
"single phase vs three phase motor",320,,LOW,"three phase"
"three phase colors",320,,LOW,"three phase"
"three phase solar inverters",320,1.25,HIGH,"three phase"
"three phase to one phase",320,4.2,HIGH,"three phase"
"single phase vs three phase motors",320,,LOW,"three phase"
"single phase and three phase",320,4.2,HIGH,"three phase"
"three phase diode bridge",320,0.92,HIGH,"three phase"
"three-phase ac motor",320,1.31,MEDIUM,"three phase"
"three phase power plug",320,0.67,HIGH,"three phase"
"family house of fish and poultry menu",260,2.53,LOW,"poultry house"
"grain bin fans",260,1.98,HIGH,"grain bin"
"grain bin alexandria",260,0.08,LOW,"grain bin"
"grain bin fan",260,1.98,HIGH,"grain bin"
"grain bin chanute",260,,LOW,"grain bin"
"grain bin chanute ks",260,,LOW,"grain bin"
"the grain bin butchery & market llc",260,,LOW,"grain bin"
"small grain bin for sale",260,0.72,MEDIUM,"grain bin"
"grain bin alexandria mn",260,0.08,LOW,"grain bin"
"grain bin pool",260,,LOW,"grain bin"
"grain bin pools",260,,LOW,"grain bin"
"commercial electrician in san jose",260,8.5,MEDIUM,"commercial electrician"
"commercial industrial electrician",260,14.62,LOW,"commercial electrician"
"commercial electrician san jose ca",260,8.5,MEDIUM,"commercial electrician"
"commercial electrician san jose",260,8.5,MEDIUM,"commercial electrician"
"commercial and industrial electrician",260,14.62,LOW,"commercial electrician"
"industrial commercial electrician",260,14.62,LOW,"commercial electrician"
"industrial electrical cable trays",260,6.92,HIGH,"industrial electrical"
"industrial electrical cable tray",260,6.92,HIGH,"industrial electrical"
"three phase system",260,,LOW,"three phase"
"three-phase pad mounted transformer",260,15.04,MEDIUM,"three phase"
"three phase metering",260,1.83,HIGH,"three phase"
"208 three phase wiring",260,,LOW,"three phase"
"three phase brushless dc motor",260,2.25,MEDIUM,"three phase"
"diesel generator three phase",260,2.64,HIGH,"three phase"
"how to convert single phase to three phase",260,1.04,HIGH,"three phase"
"three phase pad-mounted transformer",260,15.04,MEDIUM,"three phase"
"us three-phase voltage",260,,LOW,"three phase"
"three phase diesel generator",260,2.64,HIGH,"three phase"
"three-phase system",260,,LOW,"three phase"
"three phase bldc motor",260,2.25,MEDIUM,"three phase"
"three phase magnetic starter",260,1.62,HIGH,"three phase"
"three phase high leg",260,,LOW,"three phase"
"usa three-phase voltage",260,,LOW,"three phase"
"three phase breaker box",260,0.72,HIGH,"three phase"
"three phase systems",260,,LOW,"three phase"
"three-phase bldc motor",260,2.25,MEDIUM,"three phase"
"three phase meters",260,1.83,HIGH,"three phase"
"high leg three phase",260,,LOW,"three phase"
"three-phase brushless dc motor",260,2.25,MEDIUM,"three phase"
"three phase brushless motor",260,2.25,MEDIUM,"three phase"
"three phase metre",260,1.83,HIGH,"three phase"
"three-phase pad-mounted transformer",260,15.04,MEDIUM,"three phase"
"diesel three phase generator",260,2.64,HIGH,"three phase"
"230v three phase",260,,LOW,"three phase"
"three phase diesel generators",260,2.64,HIGH,"three phase"
"three phase motor repair",260,2.5,LOW,"three phase"
"us three phase voltage",260,,LOW,"three phase"
"three phase pad mounted transformer",260,15.04,MEDIUM,"three phase"
"phase three brewing company taproom kitchen elmhurst menu",260,,LOW,"three phase"
"how to meg a three phase motor",260,10.58,LOW,"three phase"
"three phase plug wiring diagram",260,,LOW,"three phase"
"three phase sub panel",260,1.44,HIGH,"three phase"
"three phase compressor",260,4.4,HIGH,"three phase"
"three phase meter",260,1.83,HIGH,"three phase"
"grain bin silos",210,2.97,LOW,"grain bin"
"cost of grain bin",210,1.67,LOW,"grain bin"
"world largest grain bin",210,,LOW,"grain bin"
"grain bin sealer",210,2.85,HIGH,"grain bin"
"grain bin airbnb",210,0.8,LOW,"grain bin"
"grain bin price",210,2.22,MEDIUM,"grain bin"
"grain bin prices",210,2.22,MEDIUM,"grain bin"
"grain bin cost",210,1.67,LOW,"grain bin"
"grain bin accidents",210,,LOW,"grain bin"
"grain bin size chart",210,1.55,LOW,"grain bin"
"toy grain bin",210,0.23,HIGH,"grain bin"
"antique grain bin",210,0.26,LOW,"grain bin"
"grain bin sealant",210,2.85,HIGH,"grain bin"
"grain bin bushel calculator",210,4.5,LOW,"grain bin"
"grain bin toys",210,0.23,HIGH,"grain bin"
"grain bin pricing",210,2.22,MEDIUM,"grain bin"
"largest grain bin in the world",210,,LOW,"grain bin"
"grain bin spreaders",210,0.96,MEDIUM,"grain bin"
"grain bin gazebo kit",210,0.64,HIGH,"grain bin"
"grain bin gazebo kits",210,0.64,HIGH,"grain bin"
"calculate bushels in a grain bin",210,4.5,LOW,"grain bin"
"grain bin sealing",210,2.85,HIGH,"grain bin"
"silo grain bin",210,2.97,LOW,"grain bin"
"grain bin silo",210,2.97,LOW,"grain bin"
"grain bin sealants",210,2.85,HIGH,"grain bin"
"1/64 grain bin",210,0.32,HIGH,"grain bin"
"world's largest grain bin",210,,LOW,"grain bin"
"grain bin toy",210,0.23,HIGH,"grain bin"
"sioux grain bin",210,1.12,LOW,"grain bin"
"grain bin spreader",210,0.96,MEDIUM,"grain bin"
"grain bin accident",210,,LOW,"grain bin"
"grain bin costs",210,1.67,LOW,"grain bin"
"pole barn electrical wiring",210,,LOW,"barn electrical"
"industrial electrician vs commercial electrician",210,,LOW,"commercial electrician"
"commercial and residential electrician",210,5.98,MEDIUM,"commercial electrician"
"industrial vs commercial electrician",210,,LOW,"commercial electrician"
"commercial vs industrial electrician",210,,LOW,"commercial electrician"
"residential commercial electrician",210,5.98,MEDIUM,"commercial electrician"
"what does a commercial electrician do",210,,LOW,"commercial electrician"
"commercial licensed electrician",210,10.45,LOW,"commercial electrician"
"what is commercial electrician",210,,LOW,"commercial electrician"
"electrician residential and commercial",210,5.98,MEDIUM,"commercial electrician"
"commercial electrician license",210,10.45,LOW,"commercial electrician"
"what is a commercial electrician",210,,LOW,"commercial electrician"
"licensed electrician commercial",210,10.45,LOW,"commercial electrician"
"residential and commercial electrician",210,5.98,MEDIUM,"commercial electrician"
"commercial residential electrician",210,5.98,MEDIUM,"commercial electrician"
"electrician residential commercial",210,5.98,MEDIUM,"commercial electrician"
"licensed commercial electrician",210,10.45,LOW,"commercial electrician"
"industrial electrical panel",210,3.96,HIGH,"industrial electrical"
"electrical industrial maintenance",210,11.37,LOW,"industrial electrical"
"electrical panel industrial",210,3.96,HIGH,"industrial electrical"
"industrial electrical maintenance",210,11.37,LOW,"industrial electrical"
"industrial electrical panels",210,3.96,HIGH,"industrial electrical"
"three phase motor testing",210,2.53,MEDIUM,"three phase"
"220v three-phase",210,0.66,LOW,"three phase"
"three phase line construction",210,,LOW,"three phase"
"three phase starter wiring diagram",210,,LOW,"three phase"
"three-phase 220v",210,0.66,LOW,"three phase"
"120v three phase",210,,LOW,"three phase"
"three phase vfd",210,2.17,HIGH,"three phase"
"three phase receptacle",210,0.76,HIGH,"three phase"
"three phase motor controller",210,1.47,HIGH,"three phase"
"220 three phase",210,0.26,LOW,"three phase"
"three-phase generators for sale",210,2.52,HIGH,"three phase"
"three-phase 220",210,0.26,LOW,"three phase"
"variable frequency drive for three phase motor",210,0.47,HIGH,"three phase"
"30 amp three phase breaker",210,2.22,HIGH,"three phase"
"two phase to three phase converter",210,1.88,HIGH,"three phase"
"three phase disconnect switch",210,2.75,HIGH,"three phase"
"400 amp three phase meter base",210,0.7,HIGH,"three phase"
"three phase motor starter wiring diagram",210,,LOW,"three phase"
"three phase generators for sale",210,2.52,HIGH,"three phase"
"three phase soft starter",210,1.56,HIGH,"three phase"
"three phase generator rental",210,7.05,MEDIUM,"three phase"
"baldor industrial motor three phase",210,3.39,HIGH,"three phase"
"three phase current calculator",210,,LOW,"three phase"
"three phase line construction inc",210,,LOW,"three phase"
"three phase calculator",210,,LOW,"three phase"
"three phase four wire",210,,LOW,"three phase"
"three phase generator for sale",210,2.52,HIGH,"three phase"
"square d three phase panel",210,1.87,HIGH,"three phase"
"three-phase generator rental",210,7.05,MEDIUM,"three phase"
"three phase 120v",210,,LOW,"three phase"
"three-phase calculator",210,,LOW,"three phase"
"single phase or three phase",210,0.03,LOW,"three phase"
"three phase wye",210,,LOW,"three phase"
"220v three phase",210,0.66,LOW,"three phase"
"three phase power converter",210,3.62,HIGH,"three phase"
"three phase 4 wire",210,,LOW,"three phase"
"three phase 220v",210,0.66,LOW,"three phase"
"three phase 220",210,0.26,LOW,"three phase"
"how to make a poultry house",170,1.89,LOW,"poultry house"
"grain bin kit",170,1.68,MEDIUM,"grain bin"
"grain bin house plans",170,4.28,LOW,"grain bin"
"grain bin doors",170,2.9,LOW,"grain bin"
"grain bin steel",170,1.87,LOW,"grain bin"
"grain bin hopper bottom",170,3.38,HIGH,"grain bin"
"repurposed grain bin gazebo",170,0.1,HIGH,"grain bin"
"grain bin door",170,2.9,LOW,"grain bin"
"grain bin used",170,0.4,LOW,"grain bin"
"grain bin metal",170,2.97,LOW,"grain bin"
"grain bin kits",170,1.68,MEDIUM,"grain bin"
"grain bin jacks for sale",170,3.04,LOW,"grain bin"
"grain bin homes plans",170,4.28,LOW,"grain bin"
"the grain bin restaurant menu",170,,LOW,"grain bin"
"grain bin hopper bottoms",170,3.38,HIGH,"grain bin"
"grain bin rescue equipment",170,0.88,MEDIUM,"grain bin"
"used grain bin",170,0.4,LOW,"grain bin"
"grain bin parts",170,3.15,HIGH,"grain bin"
"agi grain bin",170,3.02,LOW,"grain bin"
"meridian grain bin",170,1.01,MEDIUM,"grain bin"
"martinton grain bin collapse",170,,LOW,"grain bin"
"mother bin grain cart",170,2.45,LOW,"grain bin"
"grain bin gazebo kit price",170,0.62,MEDIUM,"grain bin"
"used grain bin for sale craigslist",170,0.22,LOW,"grain bin"
"used grain bin jacks for sale",170,7.55,LOW,"grain bin"
"inside grain bin house",170,0.02,LOW,"grain bin"
"metal grain bin",170,2.97,LOW,"grain bin"
"used grain bin for sale near me",170,0.77,LOW,"grain bin"
"hopper bottom grain bin",170,3.38,HIGH,"grain bin"
"martinton il grain bin collapse",170,,,"grain bin"
"steel grain bin",170,1.87,LOW,"grain bin"
"grain bin jacks for sale used",170,7.55,LOW,"grain bin"
"commercial electrician work",170,14.15,LOW,"commercial electrician"
"las vegas commercial electrician",170,3.51,LOW,"commercial electrician"
"commercial electrician tool set",170,0.19,HIGH,"commercial electrician"
"commercial electrician las vegas",170,3.51,LOW,"commercial electrician"
"commercial electrician las vegas nv",170,3.51,LOW,"commercial electrician"
"industrial electrical engineering",170,23.62,LOW,"industrial electrical"
"industrial electrical companies near me",170,6.28,HIGH,"industrial electrical"
"industrial electrical solutions",170,,LOW,"industrial electrical"
"industrial electrical outlet",170,1.65,HIGH,"industrial electrical"
"industrial electrical engineer",170,23.62,LOW,"industrial electrical"
"industrial electrical equipment",170,,LOW,"industrial electrical"
"industrial electrical outlets",170,1.65,HIGH,"industrial electrical"
"electrical industrial engineering",170,23.62,LOW,"industrial electrical"
"what is stray voltage",170,,LOW,"stray voltage"
"stray voltage cows",170,,LOW,"stray voltage"
"difference of single phase and three phase",170,0.78,LOW,"three phase"
"phase three brewing elmhurst",170,,LOW,"three phase"
"three-phase separator",170,4.84,LOW,"three phase"
"three-phase power line",170,,LOW,"three phase"
"three phase step up transformer",170,5.3,HIGH,"three phase"
"three phase to single phase inverter",170,1.78,HIGH,"three phase"
"single phase inverter to three phase",170,1.78,HIGH,"three phase"
"what does three-phase mean",170,,LOW,"three phase"
"solid state relay three phase",170,5.19,HIGH,"three phase"
"single-phase to three-phase inverter",170,1.78,HIGH,"three phase"
"inverter from single phase to three phase",170,1.78,HIGH,"three phase"
"three phase dc motor",170,,LOW,"three phase"
"three phase voltage monitor",170,3.16,HIGH,"three phase"
"three phase vs single phase wiring",170,,LOW,"three phase"
"three phase wire colors",170,,LOW,"three phase"
"three phase separators",170,4.84,LOW,"three phase"
"2hp three phase motor",170,2.52,HIGH,"three phase"
"inverter single to three phase",170,1.78,HIGH,"three phase"
"three phase separator",170,4.84,LOW,"three phase"
"how does a three phase motor work",170,,LOW,"three phase"
"three phase 480 to 120/240 transformer wiring",170,0.29,LOW,"three phase"
"three phase power meter",170,13.02,HIGH,"three phase"
"single phase and three phase difference",170,0.78,LOW,"three phase"
"three phase step down transformer",170,11.99,HIGH,"three phase"
"three phase voltage drop calculator",170,5.8,LOW,"three phase"
"three phase solid state relay",170,5.19,HIGH,"three phase"
"three-phase power lines",170,,LOW,"three phase"
"three phase and single phase difference",170,0.78,LOW,"three phase"
"three phase power diagram",170,,LOW,"three phase"
"three phase step-up transformer",170,5.3,HIGH,"three phase"
"single phase to three-phase inverter",170,1.78,HIGH,"three phase"
"three phase power monitor",170,4.55,HIGH,"three phase"
"three phase power line",170,,LOW,"three phase"
"three phase energy meters",170,1.63,HIGH,"three phase"
"three phase wiring colours",170,,LOW,"three phase"
"single to three phase inverters",170,1.78,HIGH,"three phase"
"three phase buck boost transformer",170,5.36,HIGH,"three phase"
"three phase wiring colors",170,,LOW,"three phase"
"single phase to three phase inverter",170,1.78,HIGH,"three phase"
"three phase meter socket",170,0.6,HIGH,"three phase"
"three phase transformer calculator",170,,LOW,"three phase"
"three phase transformer diagram",170,,LOW,"three phase"
"three phase solid state relays",170,5.19,HIGH,"three phase"
"single-phase vs three-phase wiring",170,,LOW,"three phase"
"baldor three phase motor wiring diagram",170,,LOW,"three phase"
"three phase welders",170,0.92,HIGH,"three phase"
"single to three phase inverter",170,1.78,HIGH,"three phase"
"three phase buck-boost transformer",170,5.36,HIGH,"three phase"
"three-phase wiring colors",170,,LOW,"three phase"
"three phase 480 to 120 240 transformer wiring",170,0.29,LOW,"three phase"
"three phase electric meter",170,1.63,HIGH,"three phase"
"single phase vs two phase vs three phase",170,,LOW,"three phase"
"three phase power monitoring",170,4.55,HIGH,"three phase"
"one phase to three phase inverter",170,1.78,HIGH,"three phase"
"three-phase transformer diagram",170,,LOW,"three phase"
"100 amp three phase breaker",170,2.55,HIGH,"three phase"
"three phase meter base",170,0.65,HIGH,"three phase"
"three-phase power diagram",170,,LOW,"three phase"
"three phase load center",170,1.82,HIGH,"three phase"
"single phase vs three phase wiring",170,,LOW,"three phase"
"three-phase power monitor",170,4.55,HIGH,"three phase"
"how to test a three phase motor with a multimeter",170,,LOW,"three phase"
"three phase wire color",170,,LOW,"three phase"
"energy meter three phase",170,1.63,HIGH,"three phase"
"three phase energy meter",170,1.63,HIGH,"three phase"
"three-phase wiring colours",170,,LOW,"three phase"
"what does three phase mean",170,,LOW,"three phase"
"three phase welder",170,0.92,HIGH,"three phase"
"what is three phase voltage",170,0.02,LOW,"three phase"
"120/240 three phase",170,,LOW,"three phase"
"poultry house for sale",140,1,MEDIUM,"poultry house"
"grain bin flooring",140,1.65,LOW,"grain bin"
"grain bin inspirations",140,,LOW,"grain bin"
"grain bin death",140,,LOW,"grain bin"
"grain bin unloading augers",140,2.2,MEDIUM,"grain bin"
"grain bin sweep augers",140,1.73,MEDIUM,"grain bin"
"grain bin capacity chart",140,1.27,LOW,"grain bin"
"grain bin hopper",140,3.39,HIGH,"grain bin"
"new grain bin for sale",140,1.6,MEDIUM,"grain bin"
"grain bin rescue",140,54.87,LOW,"grain bin"
"grain bin construction cost",140,,LOW,"grain bin"
"silo vs grain bin",140,,LOW,"grain bin"
"grain bin size chart pdf",140,3.21,LOW,"grain bin"
"grain bin construction costs",140,,LOW,"grain bin"
"grain bin deaths",140,,LOW,"grain bin"
"grain bin floor",140,1.65,LOW,"grain bin"
"grain bin sizes",140,1.44,LOW,"grain bin"
"grain bin capacities chart",140,1.27,LOW,"grain bin"
"grain hopper bin",140,3.39,HIGH,"grain bin"
"grain bin sweep auger",140,1.73,MEDIUM,"grain bin"
"grain bin safety equipment",140,4.44,MEDIUM,"grain bin"
"grain bin capacity charts",140,1.27,LOW,"grain bin"
"grain bin ideas",140,0.06,LOW,"grain bin"
"sweep auger in grain bin",140,1.73,MEDIUM,"grain bin"
"butler grain bin",140,1.39,LOW,"grain bin"
"grain bin fire pit",140,0.02,LOW,"grain bin"
"farm grain bin",140,2.29,MEDIUM,"grain bin"
"grain bin unloading auger",140,2.2,MEDIUM,"grain bin"
"corrugated grain bin",140,7.17,LOW,"grain bin"
"what is a grain bin",140,,LOW,"grain bin"
"grain bin floors",140,1.65,LOW,"grain bin"
"grain bin fire pits",140,0.02,LOW,"grain bin"
"grain bin lid",140,3.88,LOW,"grain bin"
"grain bin explosions",140,,LOW,"grain bin"
"grain bin hoppers",140,3.39,HIGH,"grain bin"
"hopper grain bin",140,3.39,HIGH,"grain bin"
"grain bin bolts",140,1.5,HIGH,"grain bin"
"grain bin unload auger",140,2.2,MEDIUM,"grain bin"
"grain bin cabin",140,,LOW,"grain bin"
"grain bin dealer near me",140,6.23,MEDIUM,"grain bin"
"grain bin explosion",140,,LOW,"grain bin"
"grain bin size",140,1.44,LOW,"grain bin"
"old grain bin for sale",140,0.09,LOW,"grain bin"
"grain bin near me",140,4.78,LOW,"grain bin"
"god's grain bin",140,,LOW,"grain bin"
"grain bin dealers near me",140,6.23,MEDIUM,"grain bin"
"grain bin lids",140,3.88,LOW,"grain bin"
"grain bin cabins",140,,LOW,"grain bin"
"grain bin chicken coop",140,,LOW,"grain bin"
"how to become commercial electrician",140,4.77,LOW,"commercial electrician"
"commercial electrician raleigh nc",140,11.27,HIGH,"commercial electrician"
"dallas commercial electrician",140,2.6,MEDIUM,"commercial electrician"
"commercial electrician raleigh",140,11.27,HIGH,"commercial electrician"
"how to become a commercial electrician",140,4.77,LOW,"commercial electrician"
"commercial electrician dallas tx",140,2.6,MEDIUM,"commercial electrician"
"emergency commercial electrician",140,16.92,LOW,"commercial electrician"
"commercial electrician dallas",140,2.6,MEDIUM,"commercial electrician"
"commercial emergency electrician",140,16.92,LOW,"commercial electrician"
"commercial electrician austin tx",140,21.03,HIGH,"commercial electrician"
"raleigh commercial electrician",140,11.27,HIGH,"commercial electrician"
"commercial electrician austin",140,21.03,HIGH,"commercial electrician"
"commercial electrician in dallas",140,2.6,MEDIUM,"commercial electrician"
"austin commercial electrician",140,21.03,HIGH,"commercial electrician"
"commercial electrician sacramento",140,,HIGH,"commercial electrician"
"electrical industrial training",140,13.3,HIGH,"industrial electrical"
"industrial electrical classes",140,13.3,HIGH,"industrial electrical"
"electrical industrial work",140,0.63,LOW,"industrial electrical"
"industrial electrical training",140,13.3,HIGH,"industrial electrical"
"industrial electrical certificate",140,6.73,MEDIUM,"industrial electrical"
"industrial electrical work",140,0.63,LOW,"industrial electrical"
"industrial electrical certification",140,6.73,MEDIUM,"industrial electrical"
"industrial electrical tools",140,0.97,HIGH,"industrial electrical"
"three phase air compressor wiring diagram",140,,LOW,"three phase"
"three-phase motor connections",140,,LOW,"three phase"
"5hp three phase motor",140,2.34,HIGH,"three phase"
"three-phase transformer banks",140,2.88,LOW,"three phase"
"three phase voltage regulator",140,4.43,HIGH,"three phase"
"three phase extension cord",140,1.96,HIGH,"three phase"
"three phase connection motor",140,,LOW,"three phase"
"single phase to three phase wiring diagram",140,,LOW,"three phase"
"three phase 5 hp motor",140,4.79,HIGH,"three phase"
"how to get three phase power",140,2.71,LOW,"three phase"
"solaredge three phase inverters",140,0.74,HIGH,"three phase"
"three phase transformer chart",140,,LOW,"three phase"
"three phase current",140,,LOW,"three phase"
"three-phase motor symbol",140,,LOW,"three phase"
"what is three phase circuit",140,,LOW,"three phase"
"240 three phase wiring",140,,LOW,"three phase"
"three phase cable",140,0.93,HIGH,"three phase"
"three phase power outlet",140,0.88,MEDIUM,"three phase"
"what is three-phase circuit",140,,LOW,"three phase"
"three phase transformer banks",140,2.88,LOW,"three phase"
"phase three brewing menu",140,,LOW,"three phase"
"three phase plug wiring",140,0.01,LOW,"three phase"
"generac three phase generators",140,4.16,HIGH,"three phase"
"three phase relay",140,5.67,HIGH,"three phase"
"480 three phase wiring",140,,LOW,"three phase"
"connection of three phase motor",140,,LOW,"three phase"
"three phase panel wiring diagram",140,,LOW,"three phase"
"three-phase relay",140,5.67,HIGH,"three phase"
"three phase on/off switch",140,3.21,HIGH,"three phase"
"5 hp three phase motor",140,4.79,HIGH,"three phase"
"three phase kw calculator",140,,LOW,"three phase"
"three phase motor connection",140,,LOW,"three phase"
"how to make three phase power",140,2.71,LOW,"three phase"
"three phase four wire system",140,,LOW,"three phase"
"three-phase 4 wire system",140,,LOW,"three phase"
"three-phase four wire system",140,,LOW,"three phase"
"three phase motor connections",140,,LOW,"three phase"
"solaredge three phase inverter",140,0.74,HIGH,"three phase"
"three-phase motor connection",140,,LOW,"three phase"
"three-phase 4-wire system",140,,LOW,"three phase"
"three phase transformer wiring",140,9.67,LOW,"three phase"
"three phase to single phase wiring diagram",140,,LOW,"three phase"
"three phase kva calculator",140,,LOW,"three phase"
"three phase 380v",140,2.75,LOW,"three phase"
"380v three phase",140,2.75,LOW,"three phase"
"three-phase transformer bank",140,2.88,LOW,"three phase"
"three phase on off switch",140,3.21,HIGH,"three phase"
"three phase wattage calculator",140,,LOW,"three phase"
"three phase motor symbol",140,,LOW,"three phase"
"three phase 120",140,,LOW,"three phase"
"three phase transformer bank",140,2.88,LOW,"three phase"
"three-phase current",140,,LOW,"three phase"
"three-phase four-wire system",140,,LOW,"three phase"
"three phase 4 wire system",140,,LOW,"three phase"
"three phase water heater",140,2.09,HIGH,"three phase"
"electrical farm",110,1.84,LOW,"farm electrical"
"grain bin cleaning",110,20.74,LOW,"grain bin"
"grain bin level indicator",110,4.35,HIGH,"grain bin"
"diy grain bin gazebo",110,0.22,MEDIUM,"grain bin"
"10 000 bushel grain bin",110,0.09,LOW,"grain bin"
"grain bin shed",110,0.07,LOW,"grain bin"
"grain bin sweeps",110,1.88,LOW,"grain bin"
"rescue tube grain bin",110,1.54,MEDIUM,"grain bin"
"grain bin leg",110,,LOW,"grain bin"
"grain bin fires",110,,LOW,"grain bin"
"grain bin rescue tube",110,1.54,MEDIUM,"grain bin"
"grain bin sizes and prices",110,2.29,LOW,"grain bin"
"grain bin paint",110,0.38,MEDIUM,"grain bin"
"grain bin safety",110,,LOW,"grain bin"
"grain bin level indicators",110,4.35,HIGH,"grain bin"
"grain bin gazebo for sale",110,1,HIGH,"grain bin"
"grain bin manufacturers",110,2.58,LOW,"grain bin"
"grain bin fire",110,,LOW,"grain bin"
"10000 bushel grain bin",110,0.09,LOW,"grain bin"
"grain bin patio",110,0.12,HIGH,"grain bin"
"grain bin painting",110,0.38,MEDIUM,"grain bin"
"grain bin manufacturer",110,2.58,LOW,"grain bin"
"grain bin rental rates",110,,LOW,"grain bin"
"grain bin construction",110,1.14,LOW,"grain bin"
"the grain bin restaurant chanute ks",110,,LOW,"grain bin"
"grain bin rescue tubes",110,1.54,MEDIUM,"grain bin"
"behlen grain bin",110,3.2,LOW,"grain bin"
"grain bin legs",110,,LOW,"grain bin"
"grain bin sheds",110,0.07,LOW,"grain bin"
"grain bin jacks for sale craigslist",110,0.16,LOW,"grain bin"
"overhead grain bin",110,0.81,LOW,"grain bin"
"grain bin storage shed",110,0.07,LOW,"grain bin"
"small grain bin house interior",110,0.02,LOW,"grain bin"
"how much does a grain bin cost",110,3.05,LOW,"grain bin"
"grain bin sweep",110,1.88,LOW,"grain bin"
"grain bin vs silo",110,,LOW,"grain bin"
"poly grain bin",110,6.6,HIGH,"grain bin"
"grain bin gazebos for sale",110,1,HIGH,"grain bin"
"50 000 bushel grain bin",110,0.02,LOW,"grain bin"
"50000 bushel grain bin",110,0.02,LOW,"grain bin"
"barn electrical",110,4.64,HIGH,"barn electrical"
"commercial electrician mesa az",110,73.58,MEDIUM,"commercial electrician"
"commercial electrician companies near me",110,24.41,HIGH,"commercial electrician"
"commercial electrician in phoenix",110,10.55,MEDIUM,"commercial electrician"
"commercial electrician charlotte nc",110,4.67,HIGH,"commercial electrician"
"electrical industrial co",110,8.55,MEDIUM,"industrial electrical"
"industrial electrical distributor",110,31.99,LOW,"industrial electrical"
"electrical industrial companies",110,8.55,MEDIUM,"industrial electrical"
"industrial electrical equipment suppliers",110,,LOW,"industrial electrical"
"industrial electrical systems",110,3.63,LOW,"industrial electrical"
"industrial electrical distributors",110,31.99,LOW,"industrial electrical"
"industrial electrical jobs in texas",110,0.97,LOW,"industrial electrical"
"industrial electrical cables",110,1.23,HIGH,"industrial electrical"
"industrial electrical system",110,3.63,LOW,"industrial electrical"
"industrial electrical modesto ca",110,18.66,LOW,"industrial electrical"
"industrial electrical distribution",110,31.99,LOW,"industrial electrical"
"electrical industrial company",110,8.55,MEDIUM,"industrial electrical"
"industrial electrical manufacturing",110,1.94,LOW,"industrial electrical"
"industrial electrical box",110,2.44,HIGH,"industrial electrical"
"industrial electrical cable",110,1.23,HIGH,"industrial electrical"
"commercial industrial electrical contractor",110,4.01,LOW,"industrial electrical"
"commercial industrial electrical contractors",110,4.01,LOW,"industrial electrical"
"industrial electrical modesto",110,18.66,LOW,"industrial electrical"
"commercial and industrial electrical contractors",110,4.01,LOW,"industrial electrical"
"industrial electrical oven",110,6.1,HIGH,"industrial electrical"
"industrial electrical boxes",110,2.44,HIGH,"industrial electrical"
"stray voltage llc",110,,LOW,"stray voltage"
"phase three brewing company taproom kitchen elmhurst reviews",110,,LOW,"three phase"
"how to run single phase motor on three phase",110,0.83,HIGH,"three phase"
"three phase autotransformers",110,3.14,HIGH,"three phase"
"three-phase transformers are available in",110,18.16,LOW,"three phase"
"three phase transformers are available in",110,18.16,LOW,"three phase"
"three phase fuse",110,1.26,HIGH,"three phase"
"hitachi three-phase induction motor",110,1.18,MEDIUM,"three phase"
"three phase induction motor diagram",110,,LOW,"three phase"
"three phase bldc motor controller",110,2.14,HIGH,"three phase"
"120 208 three phase colors",110,,LOW,"three phase"
"alternator three phase",110,1.9,MEDIUM,"three phase"
"a wye three phase power supply provides",110,,LOW,"three phase"
"a serious problem common only to three phase motors is",110,,LOW,"three phase"
"how to run a three phase motor on single phase",110,0.83,HIGH,"three phase"
"three phase auto transformer",110,3.14,HIGH,"three phase"
"three phase motor windings diagram",110,3.3,LOW,"three phase"
"three phase induction motor circuit diagram",110,,LOW,"three phase"
"three phase kw to amps",110,,LOW,"three phase"
"three phase ac power is used",110,,LOW,"three phase"
"three phase motor windings",110,0.07,LOW,"three phase"
"three phase power vs single",110,,LOW,"three phase"
"three phase heater",110,3.98,HIGH,"three phase"
"three phase gfci breaker",110,1.56,HIGH,"three phase"
"three phase rotation tester",110,1.28,HIGH,"three phase"
"amps to kw three phase",110,,LOW,"three phase"
"what is three phase vs single phase",110,0.27,LOW,"three phase"
"a delta three phase power supply provides",110,,LOW,"three phase"
"three phase motor winding diagram",110,3.3,LOW,"three phase"
"three phase amps to kw",110,,LOW,"three phase"
"three phase current transformer",110,4.53,MEDIUM,"three phase"
"120/208 three-phase colors",110,,LOW,"three phase"
"three phase motor power calculation",110,3.92,LOW,"three phase"
"a wye three-phase power supply provides",110,,LOW,"three phase"
"a delta three-phase power supply provides",110,,LOW,"three phase"
"three phase panel schedule",110,2.78,LOW,"three phase"
"three phase load calculation",110,4.88,LOW,"three phase"
"three-phase bldc motor controller",110,2.14,HIGH,"three phase"
"three-phase compressor wiring diagram",110,,LOW,"three phase"
"three phase load calculator",110,4.88,LOW,"three phase"
"three phase load calculation formula",110,,LOW,"three phase"
"what is three phase power used for",110,,LOW,"three phase"
"three phase motor winding",110,0.07,LOW,"three phase"
"three phase compressor wiring diagram",110,,LOW,"three phase"
"three phase motor troubleshooting",110,,LOW,"three phase"
"kw to amps three phase",110,,LOW,"three phase"
"kw to amp three phase",110,,LOW,"three phase"
"diagram of three phase induction motor",110,,LOW,"three phase"
"three phase alternator",110,1.9,MEDIUM,"three phase"
"a serious problem common only to three-phase motors is",110,,LOW,"three phase"
"three phase lines",110,,LOW,"three phase"
"three-phase line",110,,LOW,"three phase"
"three phase line",110,,LOW,"three phase"
"three-phase motor delta connection",110,,LOW,"three phase"
"three-phase induction motor diagram",110,,LOW,"three phase"
"three phase to single phase transformers",110,2.18,HIGH,"three phase"
"single phase transformer to three phase",110,2.18,HIGH,"three phase"
"what is single phase vs three phase",110,0.27,LOW,"three phase"
"single to three phase transformer",110,2.18,HIGH,"three phase"
"three-phase ac power is used",110,,LOW,"three phase"
"three phase alternators",110,1.9,MEDIUM,"three phase"
"three phase electric motor power calculation",110,3.92,LOW,"three phase"
"three phase to single phase transformer",110,2.18,HIGH,"three phase"
"three phase transformer to single phase",110,2.18,HIGH,"three phase"
"three phase motor delta connection",110,,LOW,"three phase"
"hitachi three phase induction motor",110,1.18,MEDIUM,"three phase"
"difference between single phase and three phase",110,1.29,LOW,"three phase"
"three phase and single phase transformer",110,2.18,HIGH,"three phase"
"three phase autotransformer",110,3.14,HIGH,"three phase"
"120/208 three phase colors",110,,LOW,"three phase"
"three phase power vs single phase power",110,,LOW,"three phase"
"three phase power installation cost",110,10.6,LOW,"three phase"
"how to run three phase motor on single phase",110,0.83,HIGH,"three phase"
"three phase automatic transfer switch",110,1.53,HIGH,"three phase"
"single phase power vs three phase power",110,,LOW,"three phase"
"three-phase alternator",110,1.9,MEDIUM,"three phase"
"three phase transfer switch",110,1.03,HIGH,"three phase"
"three phase toggle switch",110,1.66,HIGH,"three phase"
"poultry house washers",90,0.68,LOW,"poultry house"
"poultry house fan",90,4.45,HIGH,"poultry house"
"poultry house fans",90,4.45,HIGH,"poultry house"
"poultry house washer",90,0.68,LOW,"poultry house"
"grain bin moving companies",90,4.75,LOW,"grain bin"
"diy grain bin",90,,LOW,"grain bin"
"grain bin rescue auger",90,1.02,LOW,"grain bin"
"grain bin supplies",90,7.36,MEDIUM,"grain bin"
"grain bin stirator",90,,LOW,"grain bin"
"cone bottom for grain bin",90,3.6,MEDIUM,"grain bin"
"gsi grain bin capacity chart",90,1.22,LOW,"grain bin"
"mobile grain bin",90,3.9,MEDIUM,"grain bin"
"horse grain bin",90,0.81,HIGH,"grain bin"
"grain bin monitoring system",90,8.28,MEDIUM,"grain bin"
"grain bin setup",90,30.17,LOW,"grain bin"
"100 000 bushel grain bin",90,,LOW,"grain bin"
"grain bin seguin",90,,LOW,"grain bin"
"grain bin gazebo with fire pit",90,0.31,HIGH,"grain bin"
"grain bin slide gate",90,1.16,MEDIUM,"grain bin"
"grain bin movers",90,4.75,LOW,"grain bin"
"grain bin suppliers",90,7.36,MEDIUM,"grain bin"
"grain bin supply",90,7.36,MEDIUM,"grain bin"
"westeel grain bin",90,19.38,LOW,"grain bin"
"grain bin aeration fans",90,1.08,HIGH,"grain bin"
"moving a grain bin",90,4.75,LOW,"grain bin"
"grain bin outdoor kitchen",90,0.51,MEDIUM,"grain bin"
"grain bin set up",90,30.17,LOW,"grain bin"
"mini grain bin",90,0.48,HIGH,"grain bin"
"old grain bin",90,,LOW,"grain bin"
"wood grain bin",90,5.93,LOW,"grain bin"
"grain bin moving company",90,4.75,LOW,"grain bin"
"grain bin jacks for rent",90,2.64,LOW,"grain bin"
"grain bin setups",90,30.17,LOW,"grain bin"
"mfs grain bin",90,3,LOW,"grain bin"
"moving grain bin",90,4.75,LOW,"grain bin"
"grain bin roof",90,0.93,LOW,"grain bin"
"sump saver grain bin",90,5.33,LOW,"grain bin"
"1/64 grain bin setup",90,0.4,HIGH,"grain bin"
"cone bottom grain bin",90,3.6,MEDIUM,"grain bin"
"1 64 grain bin setup",90,0.4,HIGH,"grain bin"
"5000 bushel grain bin",90,3.42,LOW,"grain bin"
"grain bin monitoring systems",90,8.28,MEDIUM,"grain bin"
"grain bin collapse in illinois",90,,,"grain bin"
"plastic grain bin",90,3.4,HIGH,"grain bin"
"weststeel grain bin",90,19.38,LOW,"grain bin"
"grain bin jack rental",90,2.64,LOW,"grain bin"
"grain bin cone bottom",90,3.6,MEDIUM,"grain bin"
"stirator grain bin",90,,LOW,"grain bin"
"drying grain bin",90,2.34,LOW,"grain bin"
"rent grain bin jacks",90,2.64,LOW,"grain bin"
"grain bin house interior",90,,LOW,"grain bin"
"wooden grain bin",90,5.93,LOW,"grain bin"
"grain bin bar ideas",90,0.78,MEDIUM,"grain bin"
"grain bin sump saver",90,6.82,LOW,"grain bin"
"primitive grain bin",90,,LOW,"grain bin"
"grain bin flea market",90,,LOW,"grain bin"
"3 ton grain bin",90,0.79,MEDIUM,"grain bin"
"grain bin aeration fan",90,1.08,HIGH,"grain bin"
"grain bin dryer",90,2.34,LOW,"grain bin"
"used portable grain bin for sale",90,0.2,LOW,"grain bin"
"grain drying bin",90,2.34,LOW,"grain bin"
"pole barn electrical wiring diagram",90,,LOW,"barn electrical"
"commercial electrician seattle wa",90,27.46,MEDIUM,"commercial electrician"
"commercial electrician colorado springs",90,28,HIGH,"commercial electrician"
"san diego commercial electrician",90,1.58,MEDIUM,"commercial electrician"
"charlotte commercial electrician",90,10.55,HIGH,"commercial electrician"
"commercial electrician charlotte",90,10.55,HIGH,"commercial electrician"
"commercial electrician seattle",90,27.46,MEDIUM,"commercial electrician"
"commercial electrician tools",90,0.79,HIGH,"commercial electrician"
"commercial electrician san diego",90,1.58,MEDIUM,"commercial electrician"
"seattle commercial electrician",90,27.46,MEDIUM,"commercial electrician"
"commercial electrician san diego ca",90,1.58,MEDIUM,"commercial electrician"
"emergency commercial electrician near me",90,74.81,LOW,"commercial electrician"
"electrical technician industrial",90,4.28,LOW,"industrial electrical"
"industrial electrical products",90,,LOW,"industrial electrical"
"industrial electrical connector",90,0.88,HIGH,"industrial electrical"
"industrial electrical training online",90,9.65,HIGH,"industrial electrical"
"industrial electrical symbols pdf",90,2.09,LOW,"industrial electrical"
"electrical industrial products",90,,LOW,"industrial electrical"
"electrical industrial symbols",90,0.05,LOW,"industrial electrical"
"online industrial electrical courses",90,9.65,HIGH,"industrial electrical"
"industrial projects for electrical engineering students",90,0.49,LOW,"industrial electrical"
"industrial connectors electrical",90,2.44,HIGH,"industrial electrical"
"industrial electrical connectors",90,2.44,HIGH,"industrial electrical"
"industrial electrical switches",90,0.44,HIGH,"industrial electrical"
"industrial electrical switchgear",90,0.44,HIGH,"industrial electrical"
"industrial electrical courses online",90,9.65,HIGH,"industrial electrical"
"industrial electrical symbols",90,0.05,LOW,"industrial electrical"
"industrial electrical switch",90,0.44,HIGH,"industrial electrical"
"online industrial electrical training",90,9.65,HIGH,"industrial electrical"
"industrial project for electrical engineering students",90,0.49,LOW,"industrial electrical"
"industrial electrical technician",90,4.28,LOW,"industrial electrical"
"industrial electrical heating systems",90,,LOW,"industrial electrical"
"electrical symbols industrial",90,0.05,LOW,"industrial electrical"
"industrial electrical product",90,,LOW,"industrial electrical"
"industrial electrical online courses",90,9.65,HIGH,"industrial electrical"
"stray voltage detector",90,1.12,HIGH,"stray voltage"
"stray voltage detection",90,1.12,HIGH,"stray voltage"
"connections of three-phase transformer",90,5.28,LOW,"three phase"
"three phase kva formula",90,,LOW,"three phase"
"three phase motor switch",90,1.29,HIGH,"three phase"
"three-phase motors have",90,,LOW,"three phase"
"three phase neutral wire",90,,LOW,"three phase"
"phase three brands",90,,LOW,"three phase"
"three phase light switch",90,3.03,HIGH,"three phase"
"three phase recloser",90,,LOW,"three phase"
"three phase disconnect box",90,0.73,HIGH,"three phase"
"three phase meter box",90,0.88,HIGH,"three phase"
"277 three phase",90,,LOW,"three phase"
"three-phase terminal block",90,3.22,HIGH,"three phase"
"what is three phase electricity supply",90,0.02,LOW,"three phase"
"what is three phase generator",90,3.38,LOW,"three phase"
"three phase and neutral",90,,LOW,"three phase"
"what is three phase electrical supply",90,0.02,LOW,"three phase"
"how to check three phase power",90,,LOW,"three phase"
"three phase transformer connections",90,5.28,LOW,"three phase"
"three phase meaning",90,,LOW,"three phase"
"three phase voltage monitoring relay",90,3.17,HIGH,"three phase"
"three phase diagram",90,,LOW,"three phase"
"what is a three phase generator",90,3.38,LOW,"three phase"
"digital three phase converter",90,1.73,HIGH,"three phase"
"three-phase line voltage",90,,LOW,"three phase"
"small three phase generator",90,0.95,HIGH,"three phase"
"three-phase recloser",90,,LOW,"three phase"
"power analyzer three phase",90,7.03,HIGH,"three phase"
"three phase transformer connection",90,5.28,LOW,"three phase"
"full wave three phase rectifier",90,,LOW,"three phase"
"three phase panel box",90,0.95,HIGH,"three phase"
"three phase tester",90,0.81,HIGH,"three phase"
"what is a three-phase generator",90,3.38,LOW,"three phase"
"how three phase motors work",90,,LOW,"three phase"
"connections of three phase transformer",90,5.28,LOW,"three phase"
"three phase definition",90,,LOW,"three phase"
"three-phase voltage monitoring relay",90,3.17,HIGH,"three phase"
"what is three phase power supply",90,0.02,LOW,"three phase"
"what is three-phase power supply",90,0.02,LOW,"three phase"
"three phase full wave rectifier",90,,LOW,"three phase"
"can you convert single phase to three phase",90,0.64,MEDIUM,"three phase"
"power factor formula for three phase",90,,LOW,"three phase"
"three phase panel board",90,2.12,HIGH,"three phase"
"connection of three-phase transformer",90,5.28,LOW,"three phase"
"three phase power analyser",90,7.03,HIGH,"three phase"
"how a three phase motor works",90,,LOW,"three phase"
"three-phase power factor formula",90,,LOW,"three phase"
"three-phase connections",90,,LOW,"three phase"
"single phase and three phase supply",90,2.52,MEDIUM,"three phase"
"phase three star",90,,LOW,"three phase"
"220 three phase wiring",90,,LOW,"three phase"
"how to wire three phase",90,,LOW,"three phase"
"three phase manual transfer switch",90,1.48,HIGH,"three phase"
"three phase electric heater",90,2.17,HIGH,"three phase"
"three-phase delta connection",90,,LOW,"three phase"
"three phase power factor formula",90,,LOW,"three phase"
"three-phase full wave rectifier",90,,LOW,"three phase"
"three-phase apparent power formula",90,,LOW,"three phase"
"three phase power box",90,1.89,HIGH,"three phase"
"three phase well pump",90,2.86,HIGH,"three phase"
"three phase connection",90,,LOW,"three phase"
"how to calculate three phase power",90,,LOW,"three phase"
"how to check three-phase voltage",90,,LOW,"three phase"
"220 three-phase wiring",90,,LOW,"three phase"
"three phase and single phase power",90,1.61,MEDIUM,"three phase"
"three phase bone scan interpretation",90,,LOW,"three phase"
"400v three phase",90,,LOW,"three phase"
"how to check three phase voltage",90,,LOW,"three phase"
"three-phase asynchronous motor",90,0.66,HIGH,"three phase"
"three-phase bone scan interpretation",90,,LOW,"three phase"
"three-phase transformer connection",90,5.28,LOW,"three phase"
"three-phase definition",90,,LOW,"three phase"
"three phase line to line voltage",90,,LOW,"three phase"
"three phase motors have",90,,LOW,"three phase"
"three phase apparent power formula",90,,LOW,"three phase"
"single or three phase power",90,1.61,MEDIUM,"three phase"
"three-phase power quality analyzer",90,7.86,HIGH,"three phase"
"three phase line voltage",90,,LOW,"three phase"
"three-phase transformer connections",90,5.28,LOW,"three phase"
"three-phase dry type transformer",90,2.93,HIGH,"three phase"
"three phase diagrams",90,,LOW,"three phase"
"240v three phase wiring",90,,LOW,"three phase"
"three phase panel wiring",90,,LOW,"three phase"
"three phase dry type transformer",90,2.93,HIGH,"three phase"
"single phase or three phase power",90,1.61,MEDIUM,"three phase"
"7.5 hp three phase motor amps",90,0.39,LOW,"three phase"
"three-phase line to line voltage",90,,LOW,"three phase"
"residential three phase power",90,,LOW,"three phase"
"can you convert three phase to single phase",90,0.64,MEDIUM,"three phase"
"three phase generator wiring diagram",90,,LOW,"three phase"
"three phase connections",90,,LOW,"three phase"
"phase three star llc",90,,LOW,"three phase"
"three phase asynchronous motor",90,0.66,HIGH,"three phase"
"connection of three phase transformer",90,5.28,LOW,"three phase"
"three phase terminal block",90,3.22,HIGH,"three phase"
"three-phase meaning",90,,LOW,"three phase"
"what is three-phase generator",90,3.38,LOW,"three phase"
"three phase power quality analyzer",90,7.86,HIGH,"three phase"
"three phase neutral",90,,LOW,"three phase"
"three phase delta connection",90,,LOW,"three phase"
"three phase electric heaters",90,2.17,HIGH,"three phase"
"apparent power formula three phase",90,,LOW,"three phase"
"how three phase motor works",90,,LOW,"three phase"
"three-phase connection",90,,LOW,"three phase"
"what is a three phase power supply",90,0.02,LOW,"three phase"
"house of fish and poultry",70,,LOW,"poultry house"
"poultry house design",70,0.1,HIGH,"poultry house"
"poultry house plans",70,0.1,HIGH,"poultry house"
"poultry house plan",70,0.1,HIGH,"poultry house"
"poultry house for sale near me",70,0.25,LOW,"poultry house"
"poultry house designs",70,0.1,HIGH,"poultry house"
"poultry house building plans",70,0.1,HIGH,"poultry house"
"design of poultry house",70,0.1,HIGH,"poultry house"
"design for poultry house",70,0.1,HIGH,"poultry house"
"god's grain bin new castle indiana",70,,LOW,"grain bin"
"grain bin rings",70,11.41,LOW,"grain bin"
"largest grain bin",70,3.84,LOW,"grain bin"
"grain bin vents",70,2.2,LOW,"grain bin"
"grain bin roof vents",70,2.89,MEDIUM,"grain bin"
"grain bin lid replacement",70,2.35,LOW,"grain bin"
"grain bin boyceville wi",70,,LOW,"grain bin"
"20000 bushel grain bin",70,1.2,LOW,"grain bin"
"grain bin level sensors",70,4.44,HIGH,"grain bin"
"grain bin installation cost",70,,LOW,"grain bin"
"ertl grain bin set",70,0.14,HIGH,"grain bin"
"grain bin wheeler wi",70,,LOW,"grain bin"
"portable grain bin for sale",70,1.91,MEDIUM,"grain bin"
"grain bin safety harness",70,5.67,HIGH,"grain bin"
"grain bin accident granville il",70,,,"grain bin"
"biggest grain bin",70,3.84,LOW,"grain bin"
"grain bin ring",70,11.41,LOW,"grain bin"
"brock grain bin capacities",70,0.85,LOW,"grain bin"
"building a grain bin",70,,LOW,"grain bin"
"grain bin builders near me",70,5.91,MEDIUM,"grain bin"
"build grain bin",70,,LOW,"grain bin"
"replacement grain bin lids",70,2.35,LOW,"grain bin"
"20 000 bushel grain bin",70,1.2,LOW,"grain bin"
"grain bin collapse in martinton",70,,,"grain bin"
"grain bin trailer",70,,LOW,"grain bin"
"grain bin lids replacement",70,2.35,LOW,"grain bin"
"grain bin on main",70,,LOW,"grain bin"
"grain bin capacity",70,1.07,LOW,"grain bin"
"bulk grain bin",70,7.03,HIGH,"grain bin"
"the grain bin tecumseh",70,,LOW,"grain bin"
"new grain bin",70,1.89,LOW,"grain bin"
"grain bin images",70,,LOW,"grain bin"
"the grain bin chanute ks",70,,LOW,"grain bin"
"brock grain bin capacity",70,0.85,LOW,"grain bin"
"grain bin volume",70,1.07,LOW,"grain bin"
"how much is a grain bin",70,3.33,LOW,"grain bin"
"grain bin sump guard",70,7.16,LOW,"grain bin"
"usda grain bin calculator",70,,LOW,"grain bin"
"large grain bin",70,1.51,LOW,"grain bin"
"grain bin vent",70,2.2,LOW,"grain bin"
"grain bin pictures",70,,LOW,"grain bin"
"grain bin build",70,,LOW,"grain bin"
"grain bin building",70,,LOW,"grain bin"
"1 ton grain bin",70,0.66,HIGH,"grain bin"
"build a grain bin",70,,LOW,"grain bin"
"1000 bushel grain bin",70,0.98,LOW,"grain bin"
"old grain bin ideas",70,0.02,MEDIUM,"grain bin"
"1000-bushel grain bin",70,0.98,LOW,"grain bin"
"grain bin sight glass",70,7.84,LOW,"grain bin"
"grain bin robot",70,3.6,LOW,"grain bin"
"grain bin capacities",70,1.07,LOW,"grain bin"
"grain bin ladders",70,2.1,LOW,"grain bin"
"grain bin boyceville",70,,LOW,"grain bin"
"grain bin level sensor",70,4.44,HIGH,"grain bin"
"grain bin inside",70,,LOW,"grain bin"
"grain bin ventilation",70,2.2,LOW,"grain bin"
"grain bin elevator",70,,LOW,"grain bin"
"grain bin liquor",70,,LOW,"grain bin"
"grain bin ladder",70,2.1,LOW,"grain bin"
"sukup grain bin prices",70,2.55,LOW,"grain bin"
"commercial electrician kansas city",70,5.51,MEDIUM,"commercial electrician"
"orlando commercial electrician",70,52.27,LOW,"commercial electrician"
"commercial electrician orlando fl",70,52.27,LOW,"commercial electrician"
"commercial electrician training",70,6.3,LOW,"commercial electrician"
"commercial electrician kansas city mo",70,5.51,MEDIUM,"commercial electrician"
"commercial electrician tucson",70,8.18,MEDIUM,"commercial electrician"
"commercial electrician los angeles",70,6.04,MEDIUM,"commercial electrician"
"commercial electrician okc",70,18.31,HIGH,"commercial electrician"
"kansas city commercial electrician",70,5.51,MEDIUM,"commercial electrician"
"commercial electrician in los angeles",70,6.04,MEDIUM,"commercial electrician"
"commercial electrician oklahoma city",70,18.31,HIGH,"commercial electrician"
"commercial electrician columbia sc",70,10.97,MEDIUM,"commercial electrician"
"san antonio commercial electrician",70,42.1,HIGH,"commercial electrician"
"commercial electrician indianapolis",70,11.71,HIGH,"commercial electrician"
"24 hour commercial electrician near me",70,11.15,LOW,"commercial electrician"
"commercial electrician fresno ca",70,,MEDIUM,"commercial electrician"
"commercial lighting electrician",70,,LOW,"commercial electrician"
"los angeles commercial electrician",70,6.04,MEDIUM,"commercial electrician"
"commercial electrician chicago",70,29.52,MEDIUM,"commercial electrician"
"commercial electrician job duties",70,12.93,LOW,"commercial electrician"
"commercial electrician san antonio",70,42.1,HIGH,"commercial electrician"
"chicago commercial electrician",70,29.52,MEDIUM,"commercial electrician"
"commercial electrician job description",70,12.93,LOW,"commercial electrician"
"commercial electrician chicago il",70,29.52,MEDIUM,"commercial electrician"
"residential vs commercial electrician salary",70,,LOW,"commercial electrician"
"commercial electrician nyc",70,3.36,HIGH,"commercial electrician"
"commercial electrician new york",70,3.36,HIGH,"commercial electrician"
"used industrial electrical equipment",70,7.22,LOW,"industrial electrical"
"industrial electrical transformer",70,,LOW,"industrial electrical"
"industrial electrical wire and cable",70,2.86,MEDIUM,"industrial electrical"
"industrial electrical plugs",70,0.53,MEDIUM,"industrial electrical"
"industrial electrical components",70,0.37,LOW,"industrial electrical"
"industrial electrical control panels",70,0.22,MEDIUM,"industrial electrical"
"industrial control & electrical services inc",70,,LOW,"industrial electrical"
"quick disconnect electrical connectors industrial",70,1.76,HIGH,"industrial electrical"
"industrial vs electrical engineering",70,,LOW,"industrial electrical"
"industrial electrical enclosure",70,1.7,HIGH,"industrial electrical"
"industrial electrical control panel",70,0.22,MEDIUM,"industrial electrical"
"industrial engineering vs electrical engineering",70,,LOW,"industrial electrical"
"electrical and electronics repairers commercial and industrial equipment",70,16.9,LOW,"industrial electrical"
"electrical engineering vs industrial engineering",70,,LOW,"industrial electrical"
"nfpa 79 electrical standard for industrial machinery",70,3.96,LOW,"industrial electrical"
"industrial electrical plug",70,0.53,MEDIUM,"industrial electrical"
"industrial electrical systems corp",70,,LOW,"industrial electrical"
"industrial electrical technology",70,16.86,LOW,"industrial electrical"
"industrial electrical transformers",70,,LOW,"industrial electrical"
"industrial electrical contractor near me",70,6.9,MEDIUM,"industrial electrical"
"all industrial electrical supply",70,17.53,MEDIUM,"industrial electrical"
"electrical standard for industrial machinery",70,,LOW,"industrial electrical"
"stray voltage test",70,9.43,MEDIUM,"stray voltage"
"testing for stray voltage",70,9.43,MEDIUM,"stray voltage"
"stray voltage testing",70,9.43,MEDIUM,"stray voltage"
"stray voltage eliminator",70,0.71,LOW,"stray voltage"
"three phase line voltage monitor",70,3.05,HIGH,"three phase"
"three phase 415v",70,,LOW,"three phase"
"three-phase power logger",70,4.9,HIGH,"three phase"
"three phase commit protocol",70,,LOW,"three phase"
"amps to kva three phase",70,,LOW,"three phase"
"understanding three phase power",70,0.09,LOW,"three phase"
"single phase generator vs three phase",70,1.19,LOW,"three phase"
"three phase current formula",70,,LOW,"three phase"
"three phase explained",70,,LOW,"three phase"
"difference between single phase and three phase ac supply",70,,LOW,"three phase"
"three-phase squirrel cage induction motor",70,,LOW,"three phase"
"single phase transformer vs three phase transformer",70,3.51,LOW,"three phase"
"kw to amps calculator three phase",70,,LOW,"three phase"
"three phase distribution boards",70,0.32,MEDIUM,"three phase"
"grain bin accident newton ks",50,,,"grain bin"
"grain bin floor supports",50,5.45,LOW,"grain bin"
"grain bin fan for sale",50,2.4,HIGH,"grain bin"
"grain bin antiques north platte",50,,LOW,"grain bin"
"grain bin sump buster",50,2.86,LOW,"grain bin"
"the grain bin alexandria mn",50,,LOW,"grain bin"
"grain bin sweep augers for sale",50,1.09,LOW,"grain bin"
"grain bin jack",50,,LOW,"grain bin"
"the grain bin tecumseh menu",50,,LOW,"grain bin"
"grain bin swimming pool",50,,LOW,"grain bin"
"galvanized grain bin",50,,LOW,"grain bin"
"grain bin gazebo for sale near me",50,0.27,HIGH,"grain bin"
"grain bin panels",50,2.46,LOW,"grain bin"
"grain bin roof panel",50,4.18,LOW,"grain bin"
"used grain bin fans for sale",50,1.52,MEDIUM,"grain bin"
"grain bin movers near me",50,7.19,LOW,"grain bin"
"grain bin cost per bushel",50,2.73,LOW,"grain bin"
"grain bin sweep auger parts",50,1.54,MEDIUM,"grain bin"
"5 ton grain bin",50,0.61,MEDIUM,"grain bin"
"grain bin repair near me",50,5.23,LOW,"grain bin"
"grain bin stairs",50,1.47,LOW,"grain bin"
"grain bin swimming pools",50,,LOW,"grain bin"
"grain bin entrapment",50,,LOW,"grain bin"
"grain bin measurements",50,,LOW,"grain bin"
"fsa grain bin loan",50,22.77,LOW,"grain bin"
"grain bin garage",50,,LOW,"grain bin"
"grain bin bolts and nuts",50,1.69,HIGH,"grain bin"
"grain bin clip art",50,,LOW,"grain bin"
"grain bin dealer",50,23.64,LOW,"grain bin"
"3 ton grain bin for sale",50,0.88,MEDIUM,"grain bin"
"grain bin sheets",50,2.75,LOW,"grain bin"
"grain feed bin",50,0.73,HIGH,"grain bin"
"small grain bin for sale near me",50,1.24,MEDIUM,"grain bin"
"sukup grain bin capacity chart",50,,LOW,"grain bin"
"grain bin installers",50,3.42,LOW,"grain bin"
"grain bin sliding door kit",50,2.74,LOW,"grain bin"
"grain bin sweep auger for sale",50,1.09,LOW,"grain bin"
"2 ton grain bin",50,4.82,MEDIUM,"grain bin"
"sweep auger grain bin",50,1.85,LOW,"grain bin"
"hydraulic grain bin jacks",50,2.89,LOW,"grain bin"
"grain bin repair",50,5.69,LOW,"grain bin"
"grain bin antiques north platte ne",50,,LOW,"grain bin"
"grain bin companies",50,3.27,MEDIUM,"grain bin"
"grain bin repairs",50,5.69,LOW,"grain bin"
"grain bin airbnb near me",50,,LOW,"grain bin"
"grain bin menu",50,,LOW,"grain bin"
"gsi grain bin for sale",50,1.84,LOW,"grain bin"
"how much does a 20000 bushel grain bin cost",50,0.66,LOW,"grain bin"
"grain bin installation",50,3.42,LOW,"grain bin"
"ibc tote grain bin",50,1.49,LOW,"grain bin"
"brock grain bin parts",50,1.67,HIGH,"grain bin"
"grain bin antique town north platte",50,,LOW,"grain bin"
"fsa grain bin loans",50,22.77,LOW,"grain bin"
"grain bin dealers",50,23.64,LOW,"grain bin"
"grain bin cost calculator",50,3.72,LOW,"grain bin"
"grain bin stiffeners",50,4.47,LOW,"grain bin"
"500 bushel grain bin",50,3.23,LOW,"grain bin"
"homemade grain bin jacks",50,,LOW,"grain bin"
"grain bin tiny house",50,0.01,LOW,"grain bin"
"feed grain bin",50,0.73,HIGH,"grain bin"
"grain bin clipart",50,,LOW,"grain bin"
"grain bin gazebos photos",50,0.02,LOW,"grain bin"
"grain bin fans for sale",50,2.4,HIGH,"grain bin"
"grain bin roof panels",50,4.18,LOW,"grain bin"
"grain bin builders",50,4.01,LOW,"grain bin"
"paddle sweep grain bin",50,1.32,LOW,"grain bin"
"2 ton grain bin for sale",50,1.06,MEDIUM,"grain bin"
"grain bin antiques north platte nebraska",50,,LOW,"grain bin"
"grain bin rescue training",50,5.61,LOW,"grain bin"
"grain bin company",50,3.27,MEDIUM,"grain bin"
"grain bin measurement",50,,LOW,"grain bin"
"dukes grain bin",50,,LOW,"grain bin"
"grain bin antique town photos",50,,LOW,"grain bin"
"cone bottom grain bin for sale",50,0.59,MEDIUM,"grain bin"
"pole barn electrical panel",50,,LOW,"barn electrical"
"pole barn electrical code",50,,LOW,"barn electrical"
"pole barn electrical outlets",50,,MEDIUM,"barn electrical"
"commercial electrician tampa fl",50,9.11,HIGH,"commercial electrician"
"tampa commercial electrician",50,9.11,HIGH,"commercial electrician"
"jacksonville commercial electrician",50,5.49,HIGH,"commercial electrician"
"commercial electrician plano tx",50,,LOW,"commercial electrician"
"commercial electrician plano",50,,LOW,"commercial electrician"
"commercial electrician tampa",50,9.11,HIGH,"commercial electrician"
"best commercial electrician near me",50,10.36,LOW,"commercial electrician"
"commercial electrician jacksonville fl",50,5.49,HIGH,"commercial electrician"
"commercial electrician atlanta",50,,LOW,"commercial electrician"
"commercial electrician miami fl",50,11.01,LOW,"commercial electrician"
"commercial electrician miami",50,11.01,LOW,"commercial electrician"
"commercial electrician atlanta ga",50,,LOW,"commercial electrician"
"commercial electrician tulsa",50,10.27,HIGH,"commercial electrician"
"commercial electrician in queens",50,,LOW,"commercial electrician"
"ieg industrial electrical group",50,,LOW,"industrial electrical"
"industrial electrical fittings",50,,HIGH,"industrial electrical"
"industrial electrical contractors houston",50,0.64,HIGH,"industrial electrical"
"industrial electrical wires",50,2.01,HIGH,"industrial electrical"
"industrial electrical design",50,,LOW,"industrial electrical"
"industrial electrical wiring diagram",50,,LOW,"industrial electrical"
"electrical industrial suppliers",50,2.5,MEDIUM,"industrial electrical"
"industrial electrical contractors houston tx",50,0.64,HIGH,"industrial electrical"
"electrical & industrial supply",50,,LOW,"industrial electrical"
"electrical wiring diagram for industrial",50,,LOW,"industrial electrical"
"industrial electrical safety ppt",50,10.42,LOW,"industrial electrical"
"industrial electrical controls",50,3.39,LOW,"industrial electrical"
"industrial electrical services inc",50,1.13,LOW,"industrial electrical"
"electrical supply industrial",50,2.5,MEDIUM,"industrial electrical"
"electrical industrial supply",50,2.5,MEDIUM,"industrial electrical"
"electrical industrial wiring",50,2.01,HIGH,"industrial electrical"
"houston industrial electrical contractors",50,0.64,HIGH,"industrial electrical"
"electrical industrial control",50,3.39,LOW,"industrial electrical"
"industrial electrical contractors in houston tx",50,0.64,HIGH,"industrial electrical"
"industrial electrical wire",50,2.01,HIGH,"industrial electrical"
"progressive industrial electrical",50,,LOW,"industrial electrical"
"industrial electrical control",50,3.39,LOW,"industrial electrical"
"industrial electrical contractors houston texas",50,0.64,HIGH,"industrial electrical"
"industrial electrical services near me",50,4.02,MEDIUM,"industrial electrical"
"stray voltage band",50,,LOW,"stray voltage"
"fluke sv225 stray voltage adapter",50,,LOW,"stray voltage"
"state farm electrical monitoring",40,,LOW,"farm electrical"
"poultry farming house",40,7.23,HIGH,"poultry house"
"constructing a poultry house",40,,LOW,"poultry house"
"mobile poultry house",40,0.81,HIGH,"poultry house"
"construction of poultry house",40,,LOW,"poultry house"
"family house of fish and poultry reviews",40,,LOW,"poultry house"
"poultry house cleaner",40,,LOW,"poultry house"
"construction of a poultry house",40,,LOW,"poultry house"
"commercial poultry house",40,4.47,MEDIUM,"poultry house"
"the poultry house",40,,LOW,"poultry house"
"poultry house tunnel doors",40,3,LOW,"poultry house"
"poultry house ventilation",40,7.83,LOW,"poultry house"
"kmc poultry house cleaner",40,0.33,LOW,"poultry house"
"cleaning poultry house",40,,LOW,"poultry house"
"poultry house ventilation systems",40,7.83,LOW,"poultry house"
"poultry house cleaning",40,,LOW,"poultry house"
"poultry house construction",40,,LOW,"poultry house"
"poultry house blower",40,0.6,LOW,"poultry house"
"poultry farm house",40,7.23,HIGH,"poultry house"
"poultry house plans free",40,0.75,HIGH,"poultry house"
"grain bin commodities menu",40,,LOW,"grain bin"
"how to measure a grain bin",40,,LOW,"grain bin"
"grain bin measurements calculator",40,3.84,LOW,"grain bin"
"6 inch grain bin unloading auger for sale",40,3.92,MEDIUM,"grain bin"
"large grain bin for sale",40,0.78,MEDIUM,"grain bin"
"homemade grain bin",40,,LOW,"grain bin"
"grain bin commodities photos",40,,LOW,"grain bin"
"grain bin cafe photos",40,,LOW,"grain bin"
"grain bin top",40,0.01,LOW,"grain bin"
"grain bin with auger",40,3.38,LOW,"grain bin"
"grain bin calculator app",40,3.13,LOW,"grain bin"
"grain bin safety week",40,,LOW,"grain bin"
"grain bin house kits",40,,LOW,"grain bin"
"g s i grain bin parts",40,3.74,MEDIUM,"grain bin"
"grain bin sliding door",40,6.72,LOW,"grain bin"
"grain bin side draw",40,,LOW,"grain bin"
"grain bin accident today",40,,LOW,"grain bin"
"grain bin setup ideas",40,1.5,LOW,"grain bin"
"grain bin sites",40,,LOW,"grain bin"
"converted grain bin",40,,LOW,"grain bin"
"stormor grain bin",40,2.39,MEDIUM,"grain bin"
"grain bin market",40,,LOW,"grain bin"
"how to move a grain bin",40,,LOW,"grain bin"
"manual grain bin jacks for sale",40,,LOW,"grain bin"
"grain bin insecticide",40,3.6,HIGH,"grain bin"
"corn grain bin",40,,LOW,"grain bin"
"inside of a grain bin",40,,LOW,"grain bin"
"grain bin pool house",40,,LOW,"grain bin"
"gsi grain bin parts",40,3.74,MEDIUM,"grain bin"
"grain bin lid opener",40,,LOW,"grain bin"
"how to measure grain in a bin",40,,LOW,"grain bin"
"grain bin elevator collapse",40,,,"grain bin"
"grain bin anchors",40,1.65,HIGH,"grain bin"
"power sweep grain bin",40,1.97,MEDIUM,"grain bin"
"grain bin door insert",40,,LOW,"grain bin"
"gravity grain bin",40,1.15,MEDIUM,"grain bin"
"grain bin chanute ks menu",40,,LOW,"grain bin"
"concrete grain bin",40,3.93,LOW,"grain bin"
"garage door in grain bin",40,0.21,LOW,"grain bin"
"grain bin conversion",40,,LOW,"grain bin"
"grain bin lid openers",40,,LOW,"grain bin"
"25000 bushel grain bin",40,0.81,LOW,"grain bin"
"grain bin pool kit",40,,LOW,"grain bin"
"overhead grain bin for sale",40,2,LOW,"grain bin"
"small grain bin ideas",40,0.02,LOW,"grain bin"
"2.2 million bushel grain bin",40,,LOW,"grain bin"
"grain bin accessories",40,1.59,HIGH,"grain bin"
"25 000 bushel grain bin",40,0.81,LOW,"grain bin"
"3000 bushel grain bin",40,,LOW,"grain bin"
"grain bin silo for sale",40,1.43,LOW,"grain bin"
"the grain bin boutique",40,,LOW,"grain bin"
"grain bin measurement calculator",40,3.84,LOW,"grain bin"
"gsi grain bin prices",40,5.76,MEDIUM,"grain bin"
"grain bin parts near me",40,3.53,LOW,"grain bin"
"grain bin garage door",40,0.21,LOW,"grain bin"
"brock grain bin prices",40,1.01,LOW,"grain bin"
"grain bin homes cost",40,,LOW,"grain bin"
"grain bin door inserts",40,,LOW,"grain bin"
"8 inch grain bin unloading auger",40,2.04,MEDIUM,"grain bin"
"grain bin accident yesterday",40,,LOW,"grain bin"
"butler grain bin for sale",40,0.22,LOW,"grain bin"
"grain bin drawing",40,,LOW,"grain bin"
"grain bin financing",40,13.22,MEDIUM,"grain bin"
"grain bin house kit",40,,LOW,"grain bin"
"grain bin power sweep",40,1.97,MEDIUM,"grain bin"
"grain bin unload systems",40,1.47,MEDIUM,"grain bin"
"grain bin size calculator",40,,LOW,"grain bin"
"grain bin sweep auger drive wheel",40,1.93,MEDIUM,"grain bin"
"cost of grain bin house",40,,LOW,"grain bin"
"grain bin man cave",40,0.01,LOW,"grain bin"
"granville grain bin accident",40,,,"grain bin"
"grain bin pool liner",40,,LOW,"grain bin"
"grain bin house cost",40,,LOW,"grain bin"
"how does a grain bin work",40,4.12,LOW,"grain bin"
"grain bin site",40,,LOW,"grain bin"
"grain bin unloading system",40,1.47,MEDIUM,"grain bin"
"grain bin capacity calculator app",40,,LOW,"grain bin"
"inside grain bin",40,,LOW,"grain bin"
"how to measure grain bin",40,,LOW,"grain bin"
"grain bin trumansburg",40,,LOW,"grain bin"
"diy grain bin pool",40,,LOW,"grain bin"
"grain bin small",40,1.9,MEDIUM,"grain bin"
"grain bin unloading systems",40,1.47,MEDIUM,"grain bin"
"grain bin tops",40,0.01,LOW,"grain bin"
"10000 bushel grain bin for sale",40,1.49,MEDIUM,"grain bin"
"gravity grain bin spreader",40,1.88,MEDIUM,"grain bin"
"gws grain bin",40,2.12,LOW,"grain bin"
"pole barn electrical",40,,LOW,"barn electrical"
"barn electrical wiring",40,0.79,LOW,"barn electrical"
"industrial electrician vs commercial",40,,LOW,"commercial electrician"
"electrician tool set commercial electric",40,0.4,HIGH,"commercial electrician"
"average commercial electrician salary",40,,LOW,"commercial electrician"
"commercial electrician helper jobs",40,1.08,LOW,"commercial electrician"
"commercial electrician reno nv",40,30.03,HIGH,"commercial electrician"
"commercial electrician nashville",40,2.23,HIGH,"commercial electrician"
"commercial electrician apprentice jobs near me",40,0.54,LOW,"commercial electrician"
"nashville commercial electrician",40,2.23,HIGH,"commercial electrician"
"commercial journeyman electrician salary",40,,LOW,"commercial electrician"
"commercial journeyman electrician jobs",40,2.7,LOW,"commercial electrician"
"commercial electrician columbus ohio",40,5.31,HIGH,"commercial electrician"
"commercial electrician baltimore md",40,8.16,HIGH,"commercial electrician"
"commercial electrician wilmington nc",40,14.62,LOW,"commercial electrician"
"commercial electrician fort worth",40,56.68,HIGH,"commercial electrician"
"commercial electrician baltimore",40,8.16,HIGH,"commercial electrician"
"commercial electrician san francisco",40,5.77,MEDIUM,"commercial electrician"
"commercial electrician columbus",40,5.31,HIGH,"commercial electrician"
"commercial electrician fort worth tx",40,56.68,HIGH,"commercial electrician"
"commercial electrician salt lake city",40,7.98,HIGH,"commercial electrician"
"commercial electrician union",40,25.08,LOW,"commercial electrician"
"commercial electrician nashville tn",40,2.23,HIGH,"commercial electrician"
"commercial electrician hiring",40,,LOW,"commercial electrician"
"commercial electrician greenville sc",40,6.91,HIGH,"commercial electrician"
"fort worth commercial electrician",40,56.68,HIGH,"commercial electrician"
"commercial electrician charleston sc",40,25.64,HIGH,"commercial electrician"
"industrial electrical troubleshooting",40,0.23,MEDIUM,"industrial electrical"
"electrical heating elements industrial",40,,LOW,"industrial electrical"
"electrical telegraph industrial revolution",40,,LOW,"industrial electrical"
"industrial electrical safety slogans",40,,LOW,"industrial electrical"
"electrical electronics and industrial technology salary",40,,LOW,"industrial electrical"
"electrical wiring industrial",40,0.84,HIGH,"industrial electrical"
"industrial electrical schematics",40,0.6,LOW,"industrial electrical"
"industrial electrical group",40,1.18,MEDIUM,"industrial electrical"
"industrial electrical maintenance jobs",40,1.73,LOW,"industrial electrical"
"nccer industrial electrical test",40,0.29,LOW,"industrial electrical"
"fluke stray voltage eliminator",40,3.29,LOW,"stray voltage"
"stray voltage meaning",40,,LOW,"stray voltage"
"poultry research center e house",30,,LOW,"poultry house"
"poultry farming house design",30,0.01,HIGH,"poultry house"
"traditional poultry house",30,0.39,HIGH,"poultry house"
"poultry design house",30,0.01,HIGH,"poultry house"
"poultry house equipment",30,1.49,MEDIUM,"poultry house"
"poultry house equipment suppliers",30,,LOW,"poultry house"
"poultry house near me",30,,LOW,"poultry house"
"poultry house washer for sale",30,3.13,LOW,"poultry house"
"family house of fish and poultry photos",30,,LOW,"poultry house"
"poultry farm house design",30,0.01,HIGH,"poultry house"
"poultry house equipment manufacturers",30,,LOW,"poultry house"
"grain bin paddle sweep",30,1.06,MEDIUM,"grain bin"
"man dies in grain bin accident",30,,LOW,"grain bin"
"60000 bushel grain bin",30,0.78,LOW,"grain bin"
"grain bin unloading auger parts",30,,MEDIUM,"grain bin"
"grain bin top for sale",30,1.06,LOW,"grain bin"
"repurposed grain bin",30,0.02,LOW,"grain bin"
"sukup grain bin dealer",30,3.53,LOW,"grain bin"
"grain bin pergola",30,0.22,HIGH,"grain bin"
"grain bin ring pool",30,,LOW,"grain bin"
"grain bin site layouts",30,,LOW,"grain bin"
"grain bin commodities sweetwater tn",30,,LOW,"grain bin"
"grain bin supply aurora iowa",30,25.32,MEDIUM,"grain bin"
"how much does a 50000 bushel grain bin cost",30,,LOW,"grain bin"
"grain bin house pictures",30,,LOW,"grain bin"
"500 000 bushel grain bin",30,,LOW,"grain bin"
"grain bin chute",30,1.23,LOW,"grain bin"
"grain storage bin for sale",30,2.51,HIGH,"grain bin"
"grain bin auger for sale",30,1.57,HIGH,"grain bin"
"grain bin slide gate opener",30,4.02,LOW,"grain bin"
"grain bin brands",30,,LOW,"grain bin"
"10 ton grain bin",30,2.4,LOW,"grain bin"
"grain bin cone",30,2.73,LOW,"grain bin"
"ho scale grain bin",30,0.2,HIGH,"grain bin"
"2000 bushel grain bin",30,0.25,LOW,"grain bin"
"horse grain storage bin",30,2.05,HIGH,"grain bin"
"grain bin deer stand",30,,LOW,"grain bin"
"grain bin gazebo bar",30,0.02,HIGH,"grain bin"
"sukup grain bin sizes",30,0.46,LOW,"grain bin"
"4 ton grain bin",30,1.12,MEDIUM,"grain bin"
"the grain bin market",30,,LOW,"grain bin"
"grain bin safety week 2026",30,,LOW,"grain bin"
"grain bin safety training",30,,LOW,"grain bin"
"grain bin tops for sale",30,1.06,LOW,"grain bin"
"grain bin panels for sale",30,0.6,LOW,"grain bin"
"1 million bushel grain bin",30,,LOW,"grain bin"
"new grain bin prices",30,3.07,MEDIUM,"grain bin"
"grain bin airbnb iowa",30,2.58,LOW,"grain bin"
"grain bin ring for sale",30,1.93,LOW,"grain bin"
"grain hopper bin for sale",30,2.19,MEDIUM,"grain bin"
"portable grain bin on wheels",30,2.28,MEDIUM,"grain bin"
"fs22 grain bin",30,,LOW,"grain bin"
"grain bin rental",30,,LOW,"grain bin"
"gsi grain bin dealers",30,0.97,MEDIUM,"grain bin"
"grain bin deer blind",30,,LOW,"grain bin"
"grain bin monitors",30,4.91,MEDIUM,"grain bin"
"inside a grain bin",30,,LOW,"grain bin"
"difference between silo and grain bin",30,,LOW,"grain bin"
"farmco grain bin",30,,LOW,"grain bin"
"grain bin temperature cables",30,2.87,MEDIUM,"grain bin"
"grain bin bar gazebo",30,0.02,HIGH,"grain bin"
"grain bin patio ideas",30,,LOW,"grain bin"
"60 000 bushel grain bin",30,0.78,LOW,"grain bin"
"grain bin windsor",30,,LOW,"grain bin"
"grain bin sensor",30,7.46,HIGH,"grain bin"
"grain bin foundation",30,,LOW,"grain bin"
"used grain bin gazebo kit price",30,2.12,LOW,"grain bin"
"grain bin greenhouse",30,0.14,MEDIUM,"grain bin"
"grain bin houses pictures",30,,LOW,"grain bin"
"how to build a grain bin",30,2.52,LOW,"grain bin"
"hopper grain bin for sale",30,2.19,MEDIUM,"grain bin"
"used grain bin parts for sale",30,,LOW,"grain bin"
"grain bin ring swimming pool",30,,LOW,"grain bin"
"grain bin parts catalog",30,1.84,LOW,"grain bin"
"grain bin vacuum",30,2.5,MEDIUM,"grain bin"
"grain bin hoppers for sale",30,2.19,MEDIUM,"grain bin"
"how to disassemble a grain bin",30,,LOW,"grain bin"
"vintage grain bin",30,0.06,LOW,"grain bin"
"grain bin boot",30,1.62,HIGH,"grain bin"
"grain bin playhouse",30,,LOW,"grain bin"
"brock grain bin dealers",30,2.31,MEDIUM,"grain bin"
"square grain bin",30,2.27,MEDIUM,"grain bin"
"grain bin rings for sale",30,1.93,LOW,"grain bin"
"grain bin maintenance",30,,LOW,"grain bin"
"6000 bushel grain bin",30,1.21,LOW,"grain bin"
"grain bin house floor plans",30,,LOW,"grain bin"
"grain bin moisture sensors",30,3.06,HIGH,"grain bin"
"grain bin aeration floor",30,4.31,LOW,"grain bin"
"round grain bin",30,0.01,LOW,"grain bin"
"1.5 ton grain bin",30,0.34,MEDIUM,"grain bin"
"grain bin systems",30,3.62,LOW,"grain bin"
"dog creek grain bin cabins",30,,LOW,"grain bin"
"brock grain bin capacity chart",30,1.31,LOW,"grain bin"
"top dry grain bin",30,0.87,LOW,"grain bin"
"grain bin sensors",30,7.46,HIGH,"grain bin"
"manual grain bin jacks",30,,LOW,"grain bin"
"grain bin on wheels",30,,LOW,"grain bin"
"grain bin cones",30,2.73,LOW,"grain bin"
"grain bin fans 24 inch",30,0.76,HIGH,"grain bin"
"small grain storage bin",30,0.23,HIGH,"grain bin"
"24 inch grain bin fan",30,0.76,HIGH,"grain bin"
"gsi grain bin dealers near me",30,5.86,MEDIUM,"grain bin"
"grain bin concrete forms",30,,LOW,"grain bin"
"sukup grain bin dealers",30,3.53,LOW,"grain bin"
"grain bin chanute kansas",30,,LOW,"grain bin"
"grain bin for sale texas",30,0.26,LOW,"grain bin"
"grain bin moisture sensor",30,3.06,HIGH,"grain bin"
"butler grain bin parts",30,3.57,LOW,"grain bin"
"grain bin cafe reviews",30,,LOW,"grain bin"
"how to make a grain bin",30,2.52,LOW,"grain bin"
"million bushel grain bin",30,,LOW,"grain bin"
"metal grain bin for sale",30,1.72,LOW,"grain bin"
"12 inch grain bin fan",30,1.22,HIGH,"grain bin"
"grain bin parts usa",30,1.55,LOW,"grain bin"
"hopper bottom grain bin for sale",30,3.66,MEDIUM,"grain bin"
"mobile grain bin for sale",30,1.07,LOW,"grain bin"
"grain bin roof kit",30,2.71,LOW,"grain bin"
"granville il grain bin accident",30,,LOW,"grain bin"
"grain bin gates",30,1.86,HIGH,"grain bin"
"grain bin sales near me",30,6.49,MEDIUM,"grain bin"
"grain bin monitor",30,4.91,MEDIUM,"grain bin"
"grain bin monitoring",30,4.91,MEDIUM,"grain bin"
"grain bin pavilion",30,0.88,HIGH,"grain bin"
"grain bin hopper bottoms for sale",30,3.66,MEDIUM,"grain bin"
"used grain bin floors for sale",30,3.58,LOW,"grain bin"
"grain bin cottage",30,,LOW,"grain bin"
"cost to build grain bin",30,,LOW,"grain bin"
"grain bin gate",30,1.86,HIGH,"grain bin"
"grain bin hopper cones",30,3.92,MEDIUM,"grain bin"
"grain bin roof for sale",30,2.07,LOW,"grain bin"
"metal grain storage bin",30,1.97,HIGH,"grain bin"
"commercial electrician hourly rate",30,2.11,LOW,"commercial electrician"
"orange county commercial electrician",30,11.06,MEDIUM,"commercial electrician"
"portland commercial electrician",30,23.84,HIGH,"commercial electrician"
"milwaukee commercial electrician",30,,MEDIUM,"commercial electrician"
"difference between residential and commercial electrician",30,,LOW,"commercial electrician"
"commercial electrician memphis",30,23.19,MEDIUM,"commercial electrician"
"commercial electrician st louis",30,10.36,HIGH,"commercial electrician"
"commercial electrician definition",30,,LOW,"commercial electrician"
"commercial electrician pittsburgh pa",30,14.72,MEDIUM,"commercial electrician"
"residential vs commercial vs industrial electrician",30,,LOW,"commercial electrician"
"commercial electrician orange county ca",30,11.06,MEDIUM,"commercial electrician"
"commercial electrician portland",30,23.84,HIGH,"commercial electrician"
"how much does a commercial electrician make an hour",30,,LOW,"commercial electrician"
"commercial electrician description",30,,LOW,"commercial electrician"
"difference between commercial and residential electrician",30,,LOW,"commercial electrician"
"commercial electrician orange county",30,11.06,MEDIUM,"commercial electrician"
"commercial electrician meaning",30,,LOW,"commercial electrician"
"commercial electrician certification",30,9.22,MEDIUM,"commercial electrician"
"commercial electrician memphis tn",30,23.19,MEDIUM,"commercial electrician"
"commercial electrician pittsburgh",30,14.72,MEDIUM,"commercial electrician"
"commercial electrician milwaukee",30,,MEDIUM,"commercial electrician"
"memphis tn commercial electrician",30,23.19,MEDIUM,"commercial electrician"
"electrician for commercial property",30,20.69,HIGH,"commercial electrician"
"commercial electrician tool belt",30,0.87,HIGH,"commercial electrician"
"commercial electrician lancaster pa",30,,MEDIUM,"commercial electrician"
"commercial electrician louisville ky",30,7.15,LOW,"commercial electrician"
"commercial electrician minneapolis mn",30,27.08,HIGH,"commercial electrician"
"commercial electrician vancouver wa",30,,HIGH,"commercial electrician"
"commercial electrician apprenticeship near me",30,1.51,MEDIUM,"commercial electrician"
"difference between commercial and industrial electrician",30,,LOW,"commercial electrician"
"industrial electrical technician salary",30,,LOW,"industrial electrical"
"industrial electrical sockets",30,4.87,MEDIUM,"industrial electrical"
"industrial electrical maintenance technician",30,,LOW,"industrial electrical"
"industrial electrical company modesto",30,,LOW,"industrial electrical"
"industrial controls and electrical",30,17.93,LOW,"industrial electrical"
"industrial electrical junction box",30,6.2,MEDIUM,"industrial electrical"
"industrial electrical maintenance training course",30,15.91,HIGH,"industrial electrical"
"industrial electrical training online free",30,4.61,MEDIUM,"industrial electrical"
"industrial electrical test",30,1.27,LOW,"industrial electrical"
"industrial electrical certification online",30,7.7,HIGH,"industrial electrical"
"how to read industrial electrical schematics pdf",30,1.13,LOW,"industrial electrical"
"industrial electrical installation",30,24.48,LOW,"industrial electrical"
"industrial electrical junction boxes",30,6.2,MEDIUM,"industrial electrical"
"industrial electrical exam",30,1.27,LOW,"industrial electrical"
"industrial electrical parts",30,0.96,MEDIUM,"industrial electrical"
"commercial and industrial electrical services",30,,LOW,"industrial electrical"
"industrial electronics and electrical maintenance technology",30,4.22,LOW,"industrial electrical"
"industrial electrical socket",30,4.87,MEDIUM,"industrial electrical"
"industrial electrical supply brooklyn",30,8.6,LOW,"industrial electrical"
"industrial electrical technology salary",30,,LOW,"industrial electrical"
"industrial electrical surplus",30,11.85,HIGH,"industrial electrical"
"industrial junction box electrical",30,6.2,MEDIUM,"industrial electrical"
"what is industrial electrical work",30,,LOW,"industrial electrical"
"industrial electrical testing",30,1.27,LOW,"industrial electrical"
"electrical installation industrial",30,24.48,LOW,"industrial electrical"
"industrial electrical books",30,1.66,HIGH,"industrial electrical"
"industrial electrical repair",30,92.15,LOW,"industrial electrical"
"industrial electrical safety",30,10.35,LOW,"industrial electrical"
"industrial electrical maintenance training courses",30,15.91,HIGH,"industrial electrical"
"industrial electrical company modesto ca",30,,LOW,"industrial electrical"
"industrial electrical distribution panel",30,,MEDIUM,"industrial electrical"
"industrial electrical schematic symbols",30,,LOW,"industrial electrical"
"electrical industrial installation",30,24.48,LOW,"industrial electrical"
"fluke sv225 stray voltage eliminator",30,0.08,LOW,"stray voltage"
"does state farm cover electrical issues",20,,LOW,"farm electrical"
"poultry house sprayers",20,,LOW,"poultry house"
"foot bath for poultry house",20,,LOW,"poultry house"
"family house of fish & poultry photos",20,,LOW,"poultry house"
"layers poultry house",20,,MEDIUM,"poultry house"
"poultry house controller",20,0.64,LOW,"poultry house"
"used poultry house washer for sale",20,2.5,LOW,"poultry house"
"types of poultry house",20,0.04,LOW,"poultry house"
"poultry house ventilation guide pdf",20,,LOW,"poultry house"
"poultry house tractor",20,0.01,LOW,"poultry house"
"poultry layer house",20,,MEDIUM,"poultry house"
"poultry house for layers",20,,MEDIUM,"poultry house"
"poultry house doors",20,,LOW,"poultry house"
"chicken poultry house",20,0.44,HIGH,"poultry house"
"le coq & fils the poultry house photos",20,,LOW,"poultry house"
"poultry house heaters",20,1.84,HIGH,"poultry house"
"poultry house blower for sale",20,,LOW,"poultry house"
"poultry house tractors",20,0.01,LOW,"poultry house"
"what is a poultry house",20,,LOW,"poultry house"
"poultry house loans",20,6.6,HIGH,"poultry house"
"poultry house curtains",20,2.34,HIGH,"poultry house"
"poultry house disinfectant",20,1.76,HIGH,"poultry house"
"poultry house system",20,,LOW,"poultry house"
"poultry house sprayer",20,,LOW,"poultry house"
"poultry house curtain",20,2.34,HIGH,"poultry house"
"poultry house water filters",20,0.58,LOW,"poultry house"
"16 house poultry farm for sale in nc by owner",20,,LOW,"poultry house"
"layer poultry house",20,,MEDIUM,"poultry house"
"poultry house heating",20,1.84,HIGH,"poultry house"
"what is poultry house",20,,LOW,"poultry house"
"layer house poultry",20,,MEDIUM,"poultry house"
"chicken poultry house drawing",20,,LOW,"poultry house"
"poultry house controllers",20,0.64,LOW,"poultry house"
"new holland poultry house special",20,,LOW,"poultry house"
"kmc poultry house washer",20,,LOW,"poultry house"
"poultry house water filtration",20,0.58,LOW,"poultry house"
"type of poultry house",20,0.04,LOW,"poultry house"
"poultry chicken house",20,0.44,HIGH,"poultry house"
"poultry house types",20,0.04,LOW,"poultry house"
"50000 bushel grain bin price",20,,LOW,"grain bin"
"grain bin parts sale",20,5.89,MEDIUM,"grain bin"
"grain bin kits for sale",20,0.74,MEDIUM,"grain bin"
"grain bin mover",20,3.8,LOW,"grain bin"
"grain bin doors for sale",20,2.84,LOW,"grain bin"
"how much does a 10000 bushel grain bin cost",20,1.48,LOW,"grain bin"
"grain bin silo gazebo",20,0.2,HIGH,"grain bin"
"1 ton portable grain bin",20,,LOW,"grain bin"
"30000 bushel grain bin cost",20,,LOW,"grain bin"
"eaton grain bin",20,2.64,LOW,"grain bin"
"grain bin dimensions",20,,LOW,"grain bin"
"grain bin market trumansburg ny",20,,LOW,"grain bin"
"toy auger and grain bin",20,,HIGH,"grain bin"
"grain bin calculator corn",20,,LOW,"grain bin"
"grain bin dryer fan",20,,HIGH,"grain bin"
"grain bin door latch",20,3.7,MEDIUM,"grain bin"
"grain bin ladders for sale",20,2.49,LOW,"grain bin"
"grain bin bed and breakfast",20,0.38,LOW,"grain bin"
"drying grain in bin",20,,LOW,"grain bin"
"grain bin sump",20,6.14,LOW,"grain bin"
"grain bin quonset",20,,LOW,"grain bin"
"overhead grain bin structures",20,1.33,LOW,"grain bin"
"nutri-grain got your back bin",20,,LOW,"grain bin"
"steel grain bin for sale",20,,MEDIUM,"grain bin"
"convert grain bin to shed",20,,LOW,"grain bin"
"10000 bushel grain bin price",20,1.8,LOW,"grain bin"
"grain bin stiffeners for sale",20,2.27,LOW,"grain bin"
"sukup grain bin dealers near me",20,2.06,MEDIUM,"grain bin"
"storage bin size grain bin capacity chart",20,,LOW,"grain bin"
"grain bin sauna",20,,HIGH,"grain bin"
"grain bin erectors near me",20,8.44,MEDIUM,"grain bin"
"grain bin bar for sale",20,2.78,HIGH,"grain bin"
"the grain bin vandalia mi",20,1.07,LOW,"grain bin"
"grain bin fan transition",20,2.32,MEDIUM,"grain bin"
"grain bin layout design",20,,LOW,"grain bin"
"the grain bin restaurant chanute kansas",20,,LOW,"grain bin"
"grain bin farm",20,,LOW,"grain bin"
"grain bin aeration",20,2.49,MEDIUM,"grain bin"
"grain bin hunting blind",20,,LOW,"grain bin"
"1:16 grain bin",20,0.08,HIGH,"grain bin"
"grain bin 3d print file",20,,LOW,"grain bin"
"grain bin quilt shop",20,,LOW,"grain bin"
"airbnb grain bin",20,,LOW,"grain bin"
"unloading auger for grain bin",20,0.9,MEDIUM,"grain bin"
"grain bin painter",20,,LOW,"grain bin"
"grain bin deaths per year",20,,LOW,"grain bin"
"100 bushel grain bin",20,0.34,LOW,"grain bin"
"1/64 scale grain bin setup",20,0.12,MEDIUM,"grain bin"
"grain bin floor for sale",20,3.21,LOW,"grain bin"
"brock grain bin dealers near me",20,1.67,MEDIUM,"grain bin"
"nutri grain got your back bin",20,,LOW,"grain bin"
"grain bin sweeper",20,,LOW,"grain bin"
"chore-time grain bin",20,1.6,LOW,"grain bin"
"grain bin door chute",20,2.1,MEDIUM,"grain bin"
"grain bin floor auger",20,0.77,LOW,"grain bin"
"diy grain bin jacks",20,,LOW,"grain bin"
"grain bin aeration tubes",20,2.29,MEDIUM,"grain bin"
"grain bin sweep wheel",20,2.12,HIGH,"grain bin"
"spent grain bin",20,5.55,HIGH,"grain bin"
"5/16 grain bin bolts",20,1.02,HIGH,"grain bin"
"levalert grain bin level indicator",20,4.08,MEDIUM,"grain bin"
"toy grain bin set",20,,HIGH,"grain bin"
"grain bin fan control",20,3.62,HIGH,"grain bin"
"the grain bin restaurant photos",20,,LOW,"grain bin"
"how tall is a grain bin ring",20,,LOW,"grain bin"
"grain bin ring height",20,,LOW,"grain bin"
"grain bin fan calculator",20,,LOW,"grain bin"
"grain bin capacity chart per foot",20,,LOW,"grain bin"
"6 ton grain bin",20,2.79,MEDIUM,"grain bin"
"how much does it cost to build a grain bin",20,,LOW,"grain bin"
"grain bin ladder for sale",20,2.49,LOW,"grain bin"
"15 foot grain bin",20,0.54,LOW,"grain bin"
"grain bin unloaders",20,1.45,LOW,"grain bin"
"grain bin indicators",20,4.33,HIGH,"grain bin"
"grain bin leveling robot",20,5.12,LOW,"grain bin"
"farm grain bin setups",20,2.42,LOW,"grain bin"
"grain bin auger accident",20,,LOW,"grain bin"
"grain bin hot tub",20,0.02,LOW,"grain bin"
"grain bin for sale ohio",20,0.82,MEDIUM,"grain bin"
"20000 bushel grain bin cost",20,0.25,LOW,"grain bin"
"grain bin sealing tape",20,4.26,HIGH,"grain bin"
"grain bin home kit",20,,LOW,"grain bin"
"craigslist grain bin for sale",20,,LOW,"grain bin"
"5 ton grain bin for sale",20,,LOW,"grain bin"
"buy grain bin",20,0.59,MEDIUM,"grain bin"
"the grain bin near me",20,,LOW,"grain bin"
"grain bin house airbnb",20,,LOW,"grain bin"
"pole barn electrical service",20,,LOW,"barn electrical"
"pole barn electrical conduit",20,0.29,HIGH,"barn electrical"
"mounting electrical panel in pole barn",20,,LOW,"barn electrical"
"commercial electrician vs industrial electrician",20,,LOW,"commercial electrician"
"commercial electrician tools list",20,0.44,HIGH,"commercial electrician"
"commercial electrician duties",20,,LOW,"commercial electrician"
"commercial and residential electrician salary",20,,LOW,"commercial electrician"
"commercial electrician allentown pa",20,,MEDIUM,"commercial electrician"
"commercial electrician new orleans",20,4.43,HIGH,"commercial electrician"
"industrial and commercial electrician",20,,MEDIUM,"commercial electrician"
"commercial electrician tacoma",20,16.64,MEDIUM,"commercial electrician"
"commercial electrician boston",20,,LOW,"commercial electrician"
"commercial electrician west palm beach",20,,HIGH,"commercial electrician"
"how much does commercial electrician make",20,,LOW,"commercial electrician"
"commercial electrician tool list",20,0.44,HIGH,"commercial electrician"
"commercial electrician colorado",20,,,"commercial electrician"
"commercial electrician courses",20,4.54,HIGH,"commercial electrician"
"commercial electrician spokane",20,,HIGH,"commercial electrician"
"commercial electrician salary texas",20,,LOW,"commercial electrician"
"commercial electrician myrtle beach",20,27.84,MEDIUM,"commercial electrician"
"can a commercial electrician do residential work",20,,LOW,"commercial electrician"
"difference between industrial and commercial electrician",20,,LOW,"commercial electrician"
"commercial electrician fremont ca",20,,LOW,"commercial electrician"
"journeyman commercial electrician salary",20,,LOW,"commercial electrician"
"commercial electrician fayetteville nc",20,9.12,LOW,"commercial electrician"
"electrician for commercial property near me",20,42.19,HIGH,"commercial electrician"
"24 hour commercial electrician",20,41.51,MEDIUM,"commercial electrician"
"commercial electrician responsibilities",20,,LOW,"commercial electrician"
"commercial electrician course",20,4.54,HIGH,"commercial electrician"
"commercial electrician calgary",20,,LOW,"commercial electrician"
"commercial electrician tacoma wa",20,16.64,MEDIUM,"commercial electrician"
"commercial electrician knoxville",20,9.36,HIGH,"commercial electrician"
"commercial electrician salary california",20,,LOW,"commercial electrician"
"commercial or residential electrician",20,,MEDIUM,"commercial electrician"
"commercial electrician rochester ny",20,8.88,HIGH,"commercial electrician"
"what does commercial electrician do",20,,LOW,"commercial electrician"
"what's the difference between industrial and commercial electrician",20,,LOW,"commercial electrician"
"commercial service electrician jobs",20,,LOW,"commercial electrician"
"24-hour commercial electrician",20,41.51,MEDIUM,"commercial electrician"
"commercial electrician albuquerque nm",20,12.25,MEDIUM,"commercial electrician"
"commercial electrician greensboro nc",20,10.84,HIGH,"commercial electrician"
"commercial construction electrician",20,10.59,LOW,"commercial electrician"
"commercial building electrician",20,34.51,HIGH,"commercial electrician"
"commercial electrician santa rosa",20,,LOW,"commercial electrician"
"what's the difference between residential and commercial electrician",20,,LOW,"commercial electrician"
"commercial electrician resume",20,,LOW,"commercial electrician"
"how much does a commercial electrician make a year",20,,LOW,"commercial electrician"
"commercial electrician apprentice salary",20,,LOW,"commercial electrician"
"residential or commercial electrician",20,,LOW,"commercial electrician"
"residential and commercial electrician salary",20,,LOW,"commercial electrician"
"difference between residential commercial and industrial electrician",20,,LOW,"commercial electrician"
"commercial electrician albuquerque",20,12.25,MEDIUM,"commercial electrician"
"commercial licensed electrician near me",20,13.61,HIGH,"commercial electrician"
"how long does it take to become a commercial electrician",20,,LOW,"commercial electrician"
"best commercial electrician",20,2.67,HIGH,"commercial electrician"
"what's the difference between commercial and industrial electrician",20,,LOW,"commercial electrician"
"commercial electrician riverside ca",20,,LOW,"commercial electrician"
"union commercial electrician salary",20,,LOW,"commercial electrician"
"commercial electrician knoxville tn",20,9.36,HIGH,"commercial electrician"
"commercial electrician philadelphia",20,1.67,MEDIUM,"commercial electrician"
"commercial electrician san antonio tx",20,3.36,HIGH,"commercial electrician"
"commercial electrician mckinney tx",20,3.73,MEDIUM,"commercial electrician"
"knoxville commercial electrician",20,9.36,HIGH,"commercial electrician"
"is residential or commercial electrician better",20,,LOW,"commercial electrician"
"commercial electrician new jersey",20,0.35,HIGH,"commercial electrician"
"industrial electrical sales",20,0.99,LOW,"industrial electrical"
"industrial electrical basics",20,15.75,LOW,"industrial electrical"
"how to read industrial electrical schematics",20,,LOW,"industrial electrical"
"industrial electrical supply store near me",20,0.04,HIGH,"industrial electrical"
"industrial electrical machinery",20,,LOW,"industrial electrical"
"industrial electrical technician jobs",20,0.12,LOW,"industrial electrical"
"industrial maintenance and electrical technology",20,,LOW,"industrial electrical"
"industrial electrical contractors inc",20,,LOW,"industrial electrical"
"industrial electrical distribution system",20,17.18,LOW,"industrial electrical"
"industrial electrical maintenance salary",20,,LOW,"industrial electrical"
"electrical wiring industrial 18th edition pdf",20,2.7,MEDIUM,"industrial electrical"
"industrial electrical engineer salary",20,,LOW,"industrial electrical"
"industrial electrical contractors limited",20,,LOW,"industrial electrical"
"industrial electrical troubleshooting pdf",20,,LOW,"industrial electrical"
"industrial electrical conduit",20,,MEDIUM,"industrial electrical"
"industrial electrical blueprint symbols",20,0.15,MEDIUM,"industrial electrical"
"electrical wiring industrial pdf",20,3.91,LOW,"industrial electrical"
"industrial electrical wholesalers",20,,LOW,"industrial electrical"
"industrial electrical training near me",20,4.36,HIGH,"industrial electrical"
"industrial electrical engineering salary",20,,LOW,"industrial electrical"
"modesto industrial electrical co inc",20,,LOW,"industrial electrical"
"electrical wiring industrial 18th edition",20,0.55,HIGH,"industrial electrical"
"basic industrial electrical",20,15.75,LOW,"industrial electrical"
"what is considered industrial electrical work",20,,LOW,"industrial electrical"
"industrial electrical maintenance services",20,,LOW,"industrial electrical"
"advance electrical & industrial supply",20,5.16,LOW,"industrial electrical"
"how to read industrial electrical wiring diagrams",20,,LOW,"industrial electrical"
"industrial electrical blueprints",20,2.95,LOW,"industrial electrical"
"advanced electrical and industrial supply",20,5.16,LOW,"industrial electrical"
"industrial electrical works",20,,LOW,"industrial electrical"
"industrial metal electrical conduit",20,,LOW,"industrial electrical"
"industrial electrical classes online",20,11.89,MEDIUM,"industrial electrical"
"kennewick industrial & electrical supply inc",20,,LOW,"industrial electrical"
"industrial electrical meters",20,,MEDIUM,"industrial electrical"
"grc industrial electrical",20,,LOW,"industrial electrical"
"industrial electrical construction",20,,LOW,"industrial electrical"
"electrical industrial wiring pdf",20,3.91,LOW,"industrial electrical"
"electrical industrial supply near me",20,,MEDIUM,"industrial electrical"
"industrial electrical test questions and answers pdf",20,0.83,LOW,"industrial electrical"
"eic electrical industrial co",20,6.86,LOW,"industrial electrical"
"industrial electrical automation",20,4.79,LOW,"industrial electrical"
"nfpa 79 electrical standard for industrial machinery pdf",20,5.29,LOW,"industrial electrical"
"industrial electrical contractors ltd",20,,LOW,"industrial electrical"
"industrial electrical wiring pdf",20,3.91,LOW,"industrial electrical"
"industrial electrical lighting",20,1.92,HIGH,"industrial electrical"
"what causes stray voltage",20,,LOW,"stray voltage"
"how to eliminate stray voltage",20,,LOW,"stray voltage"
"stray voltage nyc",20,,LOW,"stray voltage"
"how to test for stray voltage",20,,LOW,"stray voltage"
"how to check for stray voltage",20,,LOW,"stray voltage"
"how to test for stray voltage in water",20,,LOW,"stray voltage"
"stray voltage band schedule",20,,LOW,"stray voltage"
"farm electrical wiring",10,,,"farm electrical"
"wind farm electrical schematic",10,,,"farm electrical"
"farm electrical safety",10,,LOW,"farm electrical"
"ting electrical state farm",10,,LOW,"farm electrical"
"offshore wind farm electrical jobs",10,,LOW,"farm electrical"
"wind farm electrical system",10,,,"farm electrical"
"solar farm electrical design",10,,LOW,"farm electrical"
"fleet farm electrical",10,0.36,MEDIUM,"farm electrical"
"practical electrical wiring residential farm and industrial",10,,,"farm electrical|industrial electrical"
"farm electrical panel",10,0.02,HIGH,"farm electrical"
"electrical farm name",10,,LOW,"farm electrical"
"wind farm electrical jobs",10,,,"farm electrical"
"electrical farm services",10,,,"farm electrical"
"wind farm electrical design",10,6.43,HIGH,"farm electrical"
"arc raiders electrical components farm",10,,LOW,"farm electrical"
"farm electrical service",10,,MEDIUM,"farm electrical"
"practical electrical wiring residential farm commercial and industrial pdf",10,,MEDIUM,"farm electrical|industrial electrical"
"electrical farm power",10,,,"farm electrical"
"ting electrical monitoring state farm",10,,LOW,"farm electrical"
"practical electrical wiring residential farm commercial and industrial",10,,MEDIUM,"farm electrical"
"advanced electrical components farm",10,,,"farm electrical"
"electrical farm panel",10,0.47,HIGH,"farm electrical"
"farm service electrical panel",10,0.55,HIGH,"farm electrical"
"electrical solar farm jobs",10,,,"farm electrical"
"cleaning of poultry house",10,,,"poultry house"
"poultry brooder house",10,0.03,HIGH,"poultry house"
"how to build a poultry house",10,,MEDIUM,"poultry house"
"poultry house medicators",10,2.56,HIGH,"poultry house"
"cheap poultry house construction",10,,,"poultry house"
"build poultry house",10,1.16,MEDIUM,"poultry house"
"poultry house designs in kenya",10,,LOW,"poultry house"
"how to build a poultry house for layers",10,,MEDIUM,"poultry house"
"poultry house light dimmers",10,4.19,MEDIUM,"poultry house"
"poultry farm house plan",10,,LOW,"poultry house"
"family house of fish & poultry menu",10,,,"poultry house"
"poultry house vent inlets",10,,,"poultry house"
"poultry house exhaust fan",10,,HIGH,"poultry house"
"building a poultry house",10,1.16,MEDIUM,"poultry house"
"poultry house meaning",10,,LOW,"poultry house"
"how to build poultry house for layers",10,,,"poultry house"
"photo of poultry farm house",10,,,"poultry house"
"best disinfectant for poultry house",10,2.44,HIGH,"poultry house"
"poultry house plans for 10000 chickens pdf",10,,,"poultry house"
"cost of poultry house construction",10,,LOW,"poultry house"
"poultry house materials",10,,LOW,"poultry house"
"how much does it cost to build a poultry house",10,,LOW,"poultry house"
"movable poultry house",10,0.08,HIGH,"poultry house"
"pastured poultry hoop house",10,,,"poultry house"
"mobile poultry house uk",10,,,"poultry house"
"air inlet poultry house",10,,LOW,"poultry house"
"poultry house construction cost philippines",10,,,"poultry house"
"east-west orientation poultry house",10,,LOW,"poultry house"
"breeder house poultry",10,,LOW,"poultry house"
"conventional poultry house",10,,,"poultry house"
"poultry farm house design in nigeria",10,,,"poultry house"
"types of ventilation in poultry house",10,0.11,HIGH,"poultry house"
"bamboo poultry house",10,,LOW,"poultry house"
"deep litter poultry house design",10,,LOW,"poultry house"
"poultry farm chicken house",10,,,"poultry house"
"cheap poultry house",10,,,"poultry house"
"poultry layer house design philippines",10,,,"poultry house"
"modern poultry house design",10,,HIGH,"poultry house"
"poultry house cleaning services",10,,LOW,"poultry house"
"poultry house layout design",10,,LOW,"poultry house"
"small poultry house",10,,HIGH,"poultry house"
"poultry house minimum ventilation calculator",10,,,"poultry house"
"poultry house trusses",10,,LOW,"poultry house"
"poultry house suppliers",10,1.47,HIGH,"poultry house"
"poultry house is called",10,,,"poultry house"
"poultry house drinkers",10,,,"poultry house"
"chicken poultry house plan",10,,,"poultry house"
"raised poultry house",10,,HIGH,"poultry house"
"tunnel vent poultry house",10,0.01,MEDIUM,"poultry house"
"poultry house financing",10,,MEDIUM,"poultry house"
"commercial poultry house construction plans",10,,,"poultry house"
"poultry broiler house",10,,LOW,"poultry house"
"mobile poultry house quramo",10,,,"poultry house"
"poultry house fogger nozzles",10,,,"poultry house"
"free range poultry house design",10,,,"poultry house"
"commercial poultry house construction",10,,LOW,"poultry house"
"mobile poultry house eu",10,,,"poultry house"
"poultry house design pdf",10,1.65,MEDIUM,"poultry house"
"poultry farm automatic chicken house door",10,,,"poultry house"
"cooling pad for poultry house",10,,MEDIUM,"poultry house"
"poultry house insurance",10,9.44,MEDIUM,"poultry house"
"poultry house insulation",10,,MEDIUM,"poultry house"
"small poultry house design plans",10,,,"poultry house"
"poultry house heating systems",10,,,"poultry house"
"building poultry house",10,1.16,MEDIUM,"poultry house"
"small poultry house design",10,,HIGH,"poultry house"
"poultry house plans for 1000 chickens",10,,,"poultry house"
"poultry house plans for 200 chickens",10,,,"poultry house"
"mobile poultry house cost",10,,MEDIUM,"poultry house"
"poultry house diagram",10,,LOW,"poultry house"
"poultry house plans for 5000 chickens",10,,,"poultry house"
"conventional poultry house design philippines",10,,LOW,"poultry house"
"backyard poultry house design",10,,,"poultry house"
"simple poultry house plans for 1000 chickens pdf",10,,,"poultry house"
"free range poultry house",10,,MEDIUM,"poultry house"
"how to build layers poultry house",10,,,"poultry house"
"backyard traditional poultry house",10,,LOW,"poultry house"
"kmc poultry house cleaner parts",10,,LOW,"poultry house"
"poultry house construction companies",10,10.33,HIGH,"poultry house"
"quramo poultry house",10,,,"poultry house"
"mobile t100 poultry house price",10,,,"poultry house"
"size of poultry house for 1000 birds",10,,LOW,"poultry house"
"how to construct poultry house",10,,MEDIUM,"poultry house"
"poultry house construction cost",10,,LOW,"poultry house"
"66x600 poultry house",10,,LOW,"poultry house"
"building a poultry house for layers",10,,,"poultry house"
"chicken poultry farm house",10,,,"poultry house"
"best disinfectant for poultry house in kenya",10,,,"poultry house"
"poultry house design in kenya",10,,LOW,"poultry house"
"cost of tunnel ventilated poultry house philippines",10,,,"poultry house"
"acme poultry house fans",10,,,"poultry house"
"wire mesh for poultry house",10,,MEDIUM,"poultry house"
"building a poultry house for broilers",10,,,"poultry house"
"poultry house design for 100 layers",10,,LOW,"poultry house"
"small scale poultry house design pdf",10,,,"poultry house"
"image of poultry house",10,,LOW,"poultry house"
"harvest town build poultry house",10,,,"poultry house"
"h&h poultry house washer",10,1.62,LOW,"poultry house"
"elevated poultry house",10,,LOW,"poultry house"
"1000 birds poultry house design",10,,,"poultry house"
"size of poultry house for 500 birds",10,,HIGH,"poultry house"
"mobile poultry house solar powered",10,,,"poultry house"
"poultry house ventilation fans",10,,LOW,"poultry house"
"the poultry house tennessee",10,,,"poultry house"
"poultry house in uganda",10,,LOW,"poultry house"
"rotem poultry house controller",10,3.23,LOW,"poultry house"
"poultry house slat mover",10,,LOW,"poultry house"
"poultry house and run",10,,,"poultry house"
"layer poultry house design",10,,,"poultry house"
"fumigation of poultry house",10,,,"poultry house"
"portable poultry house",10,,LOW,"poultry house"
"new holland poultry house special price",10,,,"poultry house"
"standard poultry house",10,,,"poultry house"
"direction of poultry house",10,,,"poultry house"
"fresh air poultry house plans",10,,,"poultry house"
"poultry house cruster",10,,LOW,"poultry house"
"mobile poultry house price",10,,MEDIUM,"poultry house"
"commercial poultry house plans",10,,,"poultry house"
"poultry house heater",10,,LOW,"poultry house"
"how to get rid of rats in poultry house",10,,,"poultry house"
"poultry house litter saver",10,,,"poultry house"
"poultry house for broilers",10,,LOW,"poultry house"
"poultry house windrower",10,5.84,LOW,"poultry house"
"how much does a poultry house cost",10,,LOW,"poultry house"
"cost of building poultry house in nigeria",10,,,"poultry house"
"poultry house lake charles",10,,LOW,"poultry house"
"what is the size of poultry house for 1000 birds",10,,,"poultry house"
"poultry house poultry farm drawing",10,,LOW,"poultry house"
"poultry farm house design drawing",10,,HIGH,"poultry house"
"type of roofs used in poultry house",10,,LOW,"poultry house"
"poultry house water systems",10,,HIGH,"poultry house"
"tunnel ventilation system poultry house",10,,LOW,"poultry house"
"poultry house dimensions",10,,LOW,"poultry house"
"poultry house designs pdf",10,1.65,MEDIUM,"poultry house"
"le coq & fils the poultry house reviews",10,,LOW,"poultry house"
"what is a poultry house called",10,,LOW,"poultry house"
"poultry farm house design pdf",10,1.65,MEDIUM,"poultry house"
"wooden poultry house",10,,LOW,"poultry house"
"turkey poultry house design",10,,,"poultry house"
"broiler poultry farm house design",10,,,"poultry house"
"poultry house equipment for sale",10,,LOW,"poultry house"
"modern poultry house",10,,MEDIUM,"poultry house"
"poultry house construction philippines",10,,,"poultry house"
"poultry house builders in nc",10,,,"poultry house"
"poultry house curtains for sale",10,0.34,HIGH,"poultry house"
"closed house system poultry",10,,,"poultry house"
"poultry layers house design",10,,,"poultry house"
"poultry farm house near me",10,,,"poultry house"
"close house system poultry",10,,,"poultry house"
"broiler poultry house",10,,LOW,"poultry house"
"poultry house cooling system",10,0.1,HIGH,"poultry house"
"poultry house fumigation",10,,,"poultry house"
"poultry house for 2000 birds",10,,,"poultry house"
"poultry brooding house",10,,LOW,"poultry house"
"poultry house light bulbs",10,,HIGH,"poultry house"
"tunnel ventilated poultry house design",10,,,"poultry house"
"how to build poultry house",10,0.03,HIGH,"poultry house"
"poultry house pulverizer",10,,LOW,"poultry house"
"poultry house uk",10,,LOW,"poultry house"
"farm house poultry",10,,LOW,"poultry house"
"lewis brothers poultry house blower for sale",10,,,"poultry house"
"how to build a cheap poultry house",10,,,"poultry house"
"poultry house manufacturers",10,,,"poultry house"
"lewis brothers poultry house blower",10,,LOW,"poultry house"
"house for poultry",10,,LOW,"poultry house"
"poultry house ideas",10,,LOW,"poultry house"
"poultry house cost",10,,LOW,"poultry house"
"cost of building a poultry house in nigeria",10,,,"poultry house"
"poultry house name",10,,LOW,"poultry house"
"how to control house flies in poultry farm",10,0.02,HIGH,"poultry house"
"classification of poultry house",10,,,"poultry house"
"poultry house design in nigeria",10,,,"poultry house"
"poultry house fans for sale",10,,MEDIUM,"poultry house"
"poultry house ceiling material",10,,LOW,"poultry house"
"poultry house products",10,,,"poultry house"
"poultry house tube heaters",10,2.13,HIGH,"poultry house"
"poultry house roll-up doors",10,,LOW,"poultry house"
"village chicken poultry house",10,,LOW,"poultry house"
"cockerel house poultry",10,,,"poultry house"
"slatted floor poultry house",10,,,"poultry house"
"poultry house measurements",10,,LOW,"poultry house"
"mobile poultry house quramo price",10,,,"poultry house"
"size of poultry house for 1000 birds in metres",10,,,"poultry house"
"yuppie hill poultry hen house cafe",10,,,"poultry house"
"standard size of poultry house for 1000 birds",10,,,"poultry house"
"poultry house temperature",10,,LOW,"poultry house"
"best poultry house",10,,,"poultry house"
"poultry house for 100 birds",10,,HIGH,"poultry house"
"range type of poultry house",10,,,"poultry house"
"poultry house designs pictures",10,,,"poultry house"
"layer egg chicken cage/poultry farm house design",10,,,"poultry house"
"poultry house plans for 500 chickens",10,,,"poultry house"
"lewis poultry house cleaner",10,0.33,LOW,"poultry house"
"poultry house pdf",10,,,"poultry house"
"poultry house drawing",10,,LOW,"poultry house"
"environmentally controlled poultry house",10,,LOW,"poultry house"
"poultry house cab tractors",10,,,"poultry house"
"simple poultry house pictures drawing",10,,,"poultry house"
"poultry house of chicken",10,,,"poultry house"
"how to measure ammonia in poultry house",10,,,"poultry house"
"poultry house dead bird removal system",10,,,"poultry house"
"modern poultry house construction",10,,,"poultry house"
"red dragon poultry house flame sanitizer",10,,LOW,"poultry house"
"size of poultry house for 300 birds",10,,,"poultry house"
"typical poultry house",10,,,"poultry house"
"poultry house price",10,,LOW,"poultry house"
"poultry pen house design layout in nigeria",10,,,"poultry house"
"used poultry house equipment",10,,LOW,"poultry house"
"importance of ventilation in poultry house",10,,,"poultry house"
"low cost poultry house",10,,HIGH,"poultry house"
"poultry house fan motors",10,0.45,HIGH,"poultry house"
"poultry house pictures",10,,LOW,"poultry house"
"standard size of poultry house for 500 birds",10,,,"poultry house"
"chicken poultry house for sale",10,,,"poultry house"
"poultry mites in house",10,2.06,MEDIUM,"poultry house"
"john deere poultry house tractor",10,,LOW,"poultry house"
"poultry house management",10,,LOW,"poultry house"
"poultry house designs in south africa",10,,,"poultry house"
"importance of litter in poultry house",10,,,"poultry house"
"poultry chicken house for sale",10,,,"poultry house"
"45 days chicken poultry house",10,,,"poultry house"
"fans for poultry house",10,,,"poultry house"
"poultry house alarm systems",10,,LOW,"poultry house"
"simple poultry house pictures",10,0.25,MEDIUM,"poultry house"
"how to clean a poultry house",10,,,"poultry house"
"cheap poultry house designs",10,,,"poultry house"
"modern poultry farm house design",10,,,"poultry house"
"poultry house structure design",10,,,"poultry house"
"poultry house fire",10,,LOW,"poultry house"
"poultry house decaker for sale",10,,LOW,"poultry house"
"hen house poultry",10,1.34,HIGH,"poultry house"
"poultry house butler",10,,,"poultry house"
"what are the basic requirements for a poultry house",10,,,"poultry house"
"poultry house roll up doors",10,,LOW,"poultry house"
"kmc poultry house blower",10,,LOW,"poultry house"
"poultry house ventilation calculation",10,,LOW,"poultry house"
"lake charles poultry house",10,,LOW,"poultry house"
"poultry house plans for 5000 broiler chickens",10,,,"poultry house"
"poultry house design for 500 layers",10,,,"poultry house"
"monitor type poultry house",10,,,"poultry house"
"importance of sawdust in poultry house",10,,,"poultry house"
"cage house poultry",10,,,"poultry house"
"poultry house design in the philippines",10,,LOW,"poultry house"
"poultry house cleaner for sale",10,,LOW,"poultry house"
"what can i use to disinfect poultry house",10,,,"poultry house"
"how to design a poultry house",10,,,"poultry house"
"modern poultry house design in kenya",10,,,"poultry house"
"structure of poultry house",10,,,"poultry house"
"poultry house accessories",10,,,"poultry house"
"how to fumigate poultry house",10,,,"poultry house"
"cannuli's house of poultry",10,,LOW,"poultry house"
"poultry house construction suppliers",10,,,"poultry house"
"poultry layer house design",10,,,"poultry house"
"simple poultry house drawing with label",10,,LOW,"poultry house"
"poultry house generators for sale",10,,,"poultry house"
"simple poultry house designs",10,,,"poultry house"
"broiler poultry house design",10,,LOW,"poultry house"
"poultry house in kenya",10,,LOW,"poultry house"
"good poultry house design",10,,,"poultry house"
"complete confinement type of poultry house",10,,,"poultry house"
"chicken poultry house drawing easy",10,,,"poultry house"
"automatic poultry house",10,,,"poultry house"
"poultry house cleaning equipment",10,,LOW,"poultry house"
"different types of poultry house for broilers",10,,,"poultry house"
"poultry house air inlets",10,,HIGH,"poultry house"
"poultry house floor plan",10,,,"poultry house"
"materials needed to build a poultry house",10,,,"poultry house"
"steel structure poultry house",10,2.37,MEDIUM,"poultry house"
"local poultry house",10,0.13,HIGH,"poultry house"
"poultry house heating system",10,,,"poultry house"
"how to build poultry house in nigeria",10,,,"poultry house"
"pen house for poultry",10,0.6,HIGH,"poultry house"
"semi-confinement type of poultry house",10,,,"poultry house"
"poultry house definition",10,,,"poultry house"
"poultry house building",10,21.71,LOW,"poultry house"
"poultry house structure",10,,,"poultry house"
"chicken poultry house design",10,,LOW,"poultry house"
"case ih poultry house tractor",10,,,"poultry house"
"poultry house roofing",10,,,"poultry house"
"tunnel vent poultry house design",10,,,"poultry house"
"poultry house led lighting",10,,HIGH,"poultry house"
"poultry house brooders",10,,,"poultry house"
"poultry house harvest town",10,,,"poultry house"
"parts of a poultry house",10,,LOW,"poultry house"
"temperature control in poultry house",10,,,"poultry house"
"poultry house conversion",10,,LOW,"poultry house"
"poultry house plans for 5000 chickens pdf",10,,,"poultry house"
"poultry house orientation",10,,,"poultry house"
"poultry house supplies",10,1.47,HIGH,"poultry house"
"native chicken poultry house design",10,,,"poultry house"
"evaporative cooling pads poultry house",10,,,"poultry house"
"poultry house ventilation guide",10,,,"poultry house"
"simple poultry house plans for 1000 chickens",10,,,"poultry house"
"battery cage poultry house",10,,MEDIUM,"poultry house"
"poultry house solutions",10,,LOW,"poultry house"
"poultry house construction plans",10,,LOW,"poultry house"
"poultry house pictures in kenya",10,,,"poultry house"
"tunnel ventilated poultry house design philippines",10,,LOW,"poultry house"
"chicken poultry house plans",10,,,"poultry house"
"poultry house in nigeria",10,,LOW,"poultry house"
"mobile poultry house clarkson farm",10,,LOW,"poultry house"
"poultry house plans for 1000 chickens pdf",10,0.2,LOW,"poultry house"
"poultry house blower for skid steer",10,,LOW,"poultry house"
"poultry house images",10,,LOW,"poultry house"
"poultry house size for 100 birds",10,,,"poultry house"
"low cost poultry house plans for 1000 chickens pdf",10,,MEDIUM,"poultry house"
"poultry house design for broiler",10,,LOW,"poultry house"
"poultry pen house",10,0.6,HIGH,"poultry house"
"how to reduce humidity in poultry house",10,2.82,HIGH,"poultry house"
"led lights for poultry house",10,,HIGH,"poultry house"
"turkey poultry house",10,,LOW,"poultry house"
"small-scale poultry house design pdf",10,,,"poultry house"
"structure for poultry house",10,,,"poultry house"
"used poultry house fans for sale",10,,HIGH,"poultry house"
"ec poultry house design",10,,,"poultry house"
"poultry house designs plans",10,,,"poultry house"
"disinfection of poultry house",10,0.71,MEDIUM,"poultry house"
"poultry house heat exchanger",10,,,"poultry house"
"how to control odour in poultry house",10,,MEDIUM,"poultry house"
"disinfectant for poultry house",10,0.71,MEDIUM,"poultry house"
"how to disinfect a poultry house",10,,,"poultry house"
"poultry house sprayer for sale",10,,,"poultry house"
"poultry house plans pdf",10,1.65,MEDIUM,"poultry house"
"open sided poultry house",10,,LOW,"poultry house"
"poultry house humidity sensor",10,,,"poultry house"
"mobile poultry house for sale",10,,,"poultry house"
"poultry house drawing with label",10,,LOW,"poultry house"
"simple poultry house",10,,HIGH,"poultry house"
"poultry house for rent",10,,LOW,"poultry house"
"sprinkler system for poultry house",10,,,"poultry house"
"east west orientation poultry house",10,,LOW,"poultry house"
"poultry house for 500 birds",10,,,"poultry house"
"poultry house photos",10,,LOW,"poultry house"
"poultry house cleanout",10,,LOW,"poultry house"
"poultry house washer pump",10,1.07,HIGH,"poultry house"
"poultry house plans for 100 chickens pdf",10,,HIGH,"poultry house"
"cooling system in poultry house",10,,,"poultry house"
"open-sided poultry house",10,,LOW,"poultry house"
"poultry house cleanout equipment",10,3.04,LOW,"poultry house"
"poultry house construction pdf",10,,,"poultry house"
"ska poultry mobile house",10,,,"poultry house"
"simple poultry house plans for 100 chickens",10,,,"poultry house"
"gable type poultry house",10,,,"poultry house"
"poultry house wall cleaner",10,10.54,LOW,"poultry house"
"preparation of poultry house",10,,,"poultry house"
"used poultry house blower for sale",10,0.37,LOW,"poultry house"
"size of poultry house for 10000 birds",10,,,"poultry house"
"poultry house fan covers",10,,MEDIUM,"poultry house"
"kmc poultry house wall cleaner",10,,LOW,"poultry house"
"simple poultry house design plans",10,,,"poultry house"
"the poultry house franklin tn",10,,LOW,"poultry house"
"how to construct a poultry house",10,,MEDIUM,"poultry house"
"environmentally controlled poultry house ppt",10,,,"poultry house"
"poultry house trolley",10,,LOW,"poultry house"
"ag spray poultry house washer",10,,LOW,"poultry house"
"low cost poultry house plans for 1000 chickens",10,,,"poultry house"
"size of poultry house for 100 birds",10,,,"poultry house"
"minimum ventilation in poultry house",10,,,"poultry house"
"poultry house builders in georgia",10,,,"poultry house"
"cost of poultry house in the philippines",10,,LOW,"poultry house"
"wire floored poultry house",10,,,"poultry house"
"how to disinfect poultry house",10,,,"poultry house"
"transitional ventilation in poultry house",10,,LOW,"poultry house"
"poultry house led bulbs",10,0.21,LOW,"poultry house"
"poultry house sketch",10,,LOW,"poultry house"
"cheapest poultry house",10,,,"poultry house"
"size of poultry house for 5000 birds",10,,,"poultry house"
"poultry house designs plans pdf",10,,,"poultry house"
"large scale poultry house design",10,,,"poultry house"
"poultry house roof design",10,,,"poultry house"
"poultry house plans for 100 chickens",10,,,"poultry house"
"picture of poultry house",10,,LOW,"poultry house"
"modern poultry farm house designs",10,,,"poultry house"
"poultry house construction companies ireland",10,,,"poultry house"
"semi confinement type of poultry house",10,,,"poultry house"
"how to clean poultry house",10,,HIGH,"poultry house"
"mcgregor mobile poultry house",10,,,"poultry house"
"building broiler poultry house",10,,LOW,"poultry house"
"how to build a poultry house for broilers",10,,,"poultry house"
"importance of light in poultry house",10,,,"poultry house"
"poultry house construction guidelines",10,,,"poultry house"
"poultry house design for 1000 layers",10,,MEDIUM,"poultry house"
"how to draw a poultry house",10,,LOW,"poultry house"
"poultry house lighting systems",10,,,"poultry house"
"best poultry house designs",10,,,"poultry house"
"tunnel type poultry house",10,,,"poultry house"
"poultry farm house images",10,,,"poultry house"
"poultry house alarm system",10,,LOW,"poultry house"
"mini poultry house",10,2.13,HIGH,"poultry house"
"tunnel ventilated poultry house",10,0.01,MEDIUM,"poultry house"
"poultry house design for layers",10,,,"poultry house"
"backyard poultry house",10,0.01,MEDIUM,"poultry house"
"poultry house for chicken",10,,,"poultry house"
"poultry farm design layout for chicken house",10,,,"poultry house"
"16 house poultry farm for sale in nc",10,,LOW,"poultry house"
"wyndham house poultry",10,,LOW,"poultry house"
"poultry house entry doors",10,,LOW,"poultry house"
"cage poultry house",10,,,"poultry house"
"poultry house flooring",10,,LOW,"poultry house"
"500 gallon poultry house sprayer",10,,LOW,"poultry house"
"ideal poultry house",10,,,"poultry house"
"simple poultry house design",10,,,"poultry house"
"house of poultry hayward california",10,,LOW,"poultry house"
"brooder house for poultry",10,0.03,HIGH,"poultry house"
"poultry house lighting",10,2.96,HIGH,"poultry house"
"new holland workmaster poultry house special",10,,LOW,"poultry house"
"duck poultry house design",10,0.01,HIGH,"poultry house"
"deep litter poultry house",10,0.1,LOW,"poultry house"
"poultry house construction guidelines pdf",10,,,"poultry house"
"poultry house layout",10,,LOW,"poultry house"
"poultry house contractors",10,,LOW,"poultry house"
"poultry house builders",10,21.71,LOW,"poultry house"
"poultry production house",10,,,"poultry house"
"poultry house tunnel fan covers",10,,,"poultry house"
"harvest town poultry house",10,,LOW,"poultry house"
"poultry house ventilation guide 2011 revised edition",10,,,"poultry house"
"poultry house design philippines",10,,LOW,"poultry house"
"new holland poultry house tractor",10,,LOW,"poultry house"
"poultry house for 1000 birds",10,,,"poultry house"
"poultry house insurance companies",10,4.47,HIGH,"poultry house"
"how to make a simple poultry house",10,,,"poultry house"
"how to reduce ammonia in poultry house",10,,LOW,"poultry house"
"poultry house plans for 50 chickens",10,,,"poultry house"
"spice house poultry brining blend",10,,,"poultry house"
"brooder house in poultry",10,,MEDIUM,"poultry house"
"local poultry house design",10,,,"poultry house"
"commercial poultry house design",10,,LOW,"poultry house"
"cage system poultry house",10,,,"poultry house"
"poultry house trolley systems",10,2.63,MEDIUM,"poultry house"
"poultry house windrower for sale",10,,,"poultry house"
"orientation of poultry house",10,,LOW,"poultry house"
"layer house in poultry",10,,MEDIUM,"poultry house"
"automated poultry house",10,,,"poultry house"
"traditional poultry house plans",10,,,"poultry house"
"used poultry house equipment for sale",10,,LOW,"poultry house"
"parts of poultry house",10,,,"poultry house"
"le coq & fils the poultry house menu",10,,,"poultry house"
"poultry house design drawing",10,,LOW,"poultry house"
"poultry house builders in alabama",10,,,"poultry house"
"harvest town poultry house quest",10,,,"poultry house"
"adams poultry house cleaner",10,,,"poultry house"
"poultry house floor",10,0.55,HIGH,"poultry house"
"best choice products wooden chicken coop hen house poultry cage",10,,,"poultry house"
"poultry hoop house",10,0.56,HIGH,"poultry house"
"cooling pads poultry house",10,,LOW,"poultry house"
"importance of cleaning poultry house",10,,,"poultry house"
"mobile poultry house solar-powered",10,,,"poultry house"
"standard poultry house design",10,,LOW,"poultry house"
"grower house for poultry",10,,LOW,"poultry house"
"poultry farm house drawing",10,,LOW,"poultry house"
"converted poultry house",10,,,"poultry house"
"low cost simple poultry house",10,1.02,HIGH,"poultry house"
"poultry closed house system",10,,,"poultry house"
"poultry house lights",10,2.96,HIGH,"poultry house"
"poultry house direction",10,,,"poultry house"
"poultry farming house equipment",10,,,"poultry house"
"zimmerman poultry house washer",10,,LOW,"poultry house"
"poultry house for 1000 layers",10,,LOW,"poultry house"
"used poultry house",10,,LOW,"poultry house"
"lincoln premium poultry open house",10,,,"poultry house"
"how much electricity does a poultry house use",10,,,"poultry house"
"poultry house plans for 10000 chickens",10,,,"poultry house"
"iot based poultry house monitoring",10,,,"poultry house"
"shed type poultry house",10,,LOW,"poultry house"
"poultry house alarms",10,,,"poultry house"
"poultry house drawing easy",10,,LOW,"poultry house"
"poultry house franklin tn",10,,,"poultry house"
"poultry house feed pans",10,,,"poultry house"
"kmc poultry house cleaner for sale",10,,LOW,"poultry house"
"poultry house kenya",10,,LOW,"poultry house"
"kubota poultry house tractor",10,,LOW,"poultry house"
"poultry farm house cost",10,,,"poultry house"
"pet imperial dorchester large chicken coop hen poultry ark house",10,,,"poultry house"
"how to run electrical wire in a pole barn",10,,LOW,"barn electrical"
"running electrical in pole barn",10,,LOW,"barn electrical"
"barn door electrical panel cover",10,1.06,HIGH,"barn electrical"
"michigan pole barn electrical code",10,,,"barn electrical"
"pole barn electrical layout",10,,LOW,"barn electrical"
"barn door to cover electrical panel",10,0.52,LOW,"barn electrical"
"pole barn metal siding electrical siding mount",10,,,"barn electrical"
"commercial electrician grand rapids",10,,HIGH,"commercial electrician"
"commercial electrician melbourne",10,,LOW,"commercial electrician"
"commercial electrician winchester va",10,,HIGH,"commercial electrician"
"tacoma commercial electrician",10,,,"commercial electrician"
"commercial electrician cairns",10,,,"commercial electrician"
"commercial electrician doncaster",10,,,"commercial electrician"
"brisbane commercial electrician",10,,LOW,"commercial electrician"
"commercial electrician leads",10,,,"commercial electrician"
"commercial electrician worcester",10,,HIGH,"commercial electrician"
"commercial electrician des moines",10,72.65,MEDIUM,"commercial electrician"
"commercial electrician victoria",10,,,"commercial electrician"
"commercial electrician asheville nc",10,16.57,HIGH,"commercial electrician"
"commercial electrician huntsville al",10,5.71,MEDIUM,"commercial electrician"
"commercial electrician jobs edmonton",10,,,"commercial electrician"
"commercial electrician long beach",10,13.59,LOW,"commercial electrician"
"industrial commercial electrician jobs",10,14.79,LOW,"commercial electrician"
"commercial electrician greensboro",10,13,HIGH,"commercial electrician"
"commercial electrician augusta ga",10,21.12,HIGH,"commercial electrician"
"commercial electrician winston salem nc",10,,,"commercial electrician"
"commercial electrician auburn wa",10,,LOW,"commercial electrician"
"commercial electrician baton rouge",10,23.32,MEDIUM,"commercial electrician"
"aurora commercial electrician",10,,,"commercial electrician"
"commercial electrician marietta ga",10,,LOW,"commercial electrician"
"commercial electrician omaha",10,,LOW,"commercial electrician"
"average salary of a commercial electrician",10,,LOW,"commercial electrician"
"commercial electrician hoover al",10,,,"commercial electrician"
"commercial electrician kelowna",10,,LOW,"commercial electrician"
"electrician for commercial",10,144.28,HIGH,"commercial electrician"
"commercial electrician modesto",10,,LOW,"commercial electrician"
"commercial electrician federal way",10,102.64,HIGH,"commercial electrician"
"commercial electrician portsmouth",10,,,"commercial electrician"
"residential commercial and industrial electrician",10,,LOW,"commercial electrician"
"commercial electrician tool kit",10,0.39,HIGH,"commercial electrician"
"commercial electrician hobart",10,,,"commercial electrician"
"commercial electrician little rock ar",10,26.66,MEDIUM,"commercial electrician"
"average pay for commercial electrician",10,,LOW,"commercial electrician"
"commercial electrician essex",10,,,"commercial electrician"
"commercial electrician alpharetta ga",10,41.8,LOW,"commercial electrician"
"commercial electrician garland tx",10,,LOW,"commercial electrician"
"commercial electrician qualifications",10,,LOW,"commercial electrician"
"commercial electrician wollongong",10,,,"commercial electrician"
"commercial electrician exeter",10,,,"commercial electrician"
"virginia beach commercial electrician",10,0.85,LOW,"commercial electrician"
"online commercial electrician courses",10,8.88,HIGH,"commercial electrician"
"domestic commercial electrician",10,,,"commercial electrician"
"commercial electrician jobs melbourne",10,,,"commercial electrician"
"commercial electrician salary arizona",10,,LOW,"commercial electrician"
"commercial electrician el paso tx",10,,MEDIUM,"commercial electrician"
"residential commercial industrial electrician",10,,LOW,"commercial electrician"
"commercial electrician in manhattan",10,,,"commercial electrician"
"what is a commercial industrial electrician",10,,LOW,"commercial electrician"
"commercial electrician in surrey",10,,LOW,"commercial electrician"
"commercial electrician warrington",10,,,"commercial electrician"
"commercial electrician rates",10,,LOW,"commercial electrician"
"commercial electrician london",10,,LOW,"commercial electrician"
"commercial maintenance electrician jobs",10,,LOW,"commercial electrician"
"commercial electrician edinburgh",10,1.23,LOW,"commercial electrician"
"commercial electrician wakefield",10,,,"commercial electrician"
"commercial electrician windsor",10,,,"commercial electrician"
"commercial electrician stockton",10,,LOW,"commercial electrician"
"commercial electrician chattanooga tn",10,3.43,HIGH,"commercial electrician"
"commercial electrician albany ny",10,61.41,MEDIUM,"commercial electrician"
"ibew commercial electrician",10,,LOW,"commercial electrician"
"commercial electrician forum",10,,,"commercial electrician"
"commercial electrician lehigh valley",10,,,"commercial electrician"
"commercial electric electrician scissors",10,,HIGH,"commercial electrician"
"commercial electrician norwich",10,,LOW,"commercial electrician"
"commercial electrician salary canada",10,,,"commercial electrician"
"commercial electrician birmingham",10,25.35,MEDIUM,"commercial electrician"
"commercial electrician salary australia",10,,,"commercial electrician"
"commercial electrician vancouver bc",10,,LOW,"commercial electrician"
"commercial electrician omaha ne",10,,LOW,"commercial electrician"
"commercial electrician sydney",10,,LOW,"commercial electrician"
"commercial electrician grande prairie",10,,,"commercial electrician"
"commercial electrician cypress tx",10,,LOW,"commercial electrician"
"commercial electrician services near me",10,,LOW,"commercial electrician"
"master commercial electrician salary",10,,LOW,"commercial electrician"
"commercial electrician jacksonville nc",10,4.09,HIGH,"commercial electrician"
"commercial electrician manhattan",10,,MEDIUM,"commercial electrician"
"commercial or industrial electrician",10,,LOW,"commercial electrician"
"commercial electrician tallahassee fl",10,22.25,MEDIUM,"commercial electrician"
"commercial electrician bath",10,,,"commercial electrician"
"commercial electrician arlington va",10,27.55,MEDIUM,"commercial electrician"
"commercial electrician adelaide",10,,LOW,"commercial electrician"
"commercial electrician winnipeg",10,,,"commercial electrician"
"commercial electrician new hampshire",10,9.08,LOW,"commercial electrician"
"melbourne commercial electrician",10,,HIGH,"commercial electrician"
"commercial electrician job description for resume",10,,LOW,"commercial electrician"
"commercial electrician reddit",10,,LOW,"commercial electrician"
"commercial electrician auckland",10,,,"commercial electrician"
"commercial electrician olympia",10,91.04,HIGH,"commercial electrician"
"commercial industrial electrician jobs",10,14.79,LOW,"commercial electrician"
"tools for commercial electrician",10,0.65,HIGH,"commercial electrician"
"commercial electrician longview tx",10,18.89,HIGH,"commercial electrician"
"commercial licensed electrician jobs",10,,,"commercial electrician"
"commercial electrician durham nc",10,,HIGH,"commercial electrician"
"commercial electrician derby",10,,LOW,"commercial electrician"
"commercial electrician spartanburg sc",10,15.43,HIGH,"commercial electrician"
"commercial electrician anaheim",10,,LOW,"commercial electrician"
"commercial electrician grapevine tx",10,,LOW,"commercial electrician"
"hourly rate for commercial electrician",10,,LOW,"commercial electrician"
"commercial electrician cost per hour",10,,LOW,"commercial electrician"
"commercial electrician ottawa",10,,LOW,"commercial electrician"
"occidental commercial electrician tool belt",10,0.94,HIGH,"commercial electrician"
"commercial electrician arlington tx",10,,HIGH,"commercial electrician"
"commercial electrician flagstaff az",10,,,"commercial electrician"
"commercial electrician fort wayne",10,,HIGH,"commercial electrician"
"commercial electrician irvine",10,24.09,HIGH,"commercial electrician"
"commercial electrician leeds",10,,LOW,"commercial electrician"
"commercial electrician florence sc",10,,LOW,"commercial electrician"
"commercial electrician portland oregon",10,8.54,HIGH,"commercial electrician"
"commercial electrician rhode island",10,,,"commercial electrician"
"commercial electrician lancaster",10,,LOW,"commercial electrician"
"24/7 commercial electrician",10,77.74,HIGH,"commercial electrician"
"commercial electrician skills",10,,HIGH,"commercial electrician"
"commercial electrician york",10,,LOW,"commercial electrician"
"commercial electrician katy tx",10,,HIGH,"commercial electrician"
"what is the difference between industrial and commercial electrician",10,,LOW,"commercial electrician"
"commercial electrician dfw",10,,HIGH,"commercial electrician"
"commercial electrician mississauga",10,,LOW,"commercial electrician"
"commercial electrician harrisburg pa",10,1.15,HIGH,"commercial electrician"
"commercial vs industrial electrician salary",10,,LOW,"commercial electrician"
"commercial electrician cincinnati",10,5.06,HIGH,"commercial electrician"
"philadelphia commercial electrician",10,,HIGH,"commercial electrician"
"commercial electrician dayton ohio",10,47.73,HIGH,"commercial electrician"
"commercial electrician fairfax",10,9.55,MEDIUM,"commercial electrician"
"commercial electrician lexington ky",10,17.68,HIGH,"commercial electrician"
"commercial electrician guildford",10,,,"commercial electrician"
"domestic and commercial electrician",10,,,"commercial electrician"
"commercial electrician jobs houston tx",10,0.03,LOW,"commercial electrician"
"toronto commercial electrician",10,16.46,LOW,"commercial electrician"
"commercial electrician lafayette la",10,,HIGH,"commercial electrician"
"commercial electrician manchester",10,,LOW,"commercial electrician"
"commercial electrician tulsa ok",10,,HIGH,"commercial electrician"
"commercial electrician glasgow",10,,LOW,"commercial electrician"
"greensboro commercial electrician",10,13,HIGH,"commercial electrician"
"commercial electrician basics",10,,LOW,"commercial electrician"
"huntsville commercial electrician",10,5.71,MEDIUM,"commercial electrician"
"commercial electrician naples fl",10,0.48,HIGH,"commercial electrician"
"commercial electrician denton tx",10,,MEDIUM,"commercial electrician"
"electrician commercial vs residential",10,,LOW,"commercial electrician"
"what's the difference between commercial and residential electrician",10,,LOW,"commercial electrician"
"commercial electrician oregon",10,,,"commercial electrician"
"commercial electrician jobs florida",10,0.81,LOW,"commercial electrician"
"commercial electrician spring tx",10,,HIGH,"commercial electrician"
"commercial electrician edmonton",10,,LOW,"commercial electrician"
"commercial industrial electrician salary",10,,LOW,"commercial electrician"
"commercial electrician st petersburg fl",10,3.62,HIGH,"commercial electrician"
"commercial electrician ogden",10,62.39,HIGH,"commercial electrician"
"commercial electrician dublin",10,,,"commercial electrician"
"commercial electrician chesapeake va",10,,MEDIUM,"commercial electrician"
"commercial electrician in new york",10,,,"commercial electrician"
"commercial electrician job openings",10,,LOW,"commercial electrician"
"commercial vs residential electrician salary",10,,LOW,"commercial electrician"
"commercial electrician jobs in san antonio texas",10,,,"commercial electrician"
"industrial commercial and residential electrician",10,,MEDIUM,"commercial electrician"
"commercial electrician columbus ga",10,,MEDIUM,"commercial electrician"
"commercial electrician lubbock",10,,LOW,"commercial electrician"
"commercial electrician fort myers",10,93.21,MEDIUM,"commercial electrician"
"commercial electrician akron ohio",10,,,"commercial electrician"
"commercial electrician green bay",10,,HIGH,"commercial electrician"
"can a commercial electrician do domestic work",10,,LOW,"commercial electrician"
"commercial electrician uk",10,10.32,MEDIUM,"commercial electrician"
"commercial electrician chester",10,,MEDIUM,"commercial electrician"
"electrician u commercial",10,,,"commercial electrician"
"commercial electrician east sussex",10,,,"commercial electrician"
"commercial electrician halifax",10,,,"commercial electrician"
"commercial electrician needed",10,9.6,MEDIUM,"commercial electrician"
"commercial electrician salary florida",10,,LOW,"commercial electrician"
"commercial electrician lincoln ne",10,,HIGH,"commercial electrician"
"commercial electrician jobs london",10,,,"commercial electrician"
"commercial kitchen electrician",10,42.07,HIGH,"commercial electrician"
"sydney commercial electrician",10,,LOW,"commercial electrician"
"atlanta commercial electrician",10,,MEDIUM,"commercial electrician"
"commercial electrician leicester",10,,,"commercial electrician"
"commercial electrician books",10,1.95,HIGH,"commercial electrician"
"commercial electrician durham",10,,HIGH,"commercial electrician"
"commercial electrician boston ma",10,0.5,MEDIUM,"commercial electrician"
"commercial electrician tucson az",10,73.76,HIGH,"commercial electrician"
"commercial electrician resume examples",10,1.71,LOW,"commercial electrician"
"commercial electrician savannah ga",10,,,"commercial electrician"
"edmonton commercial electrician",10,,LOW,"commercial electrician"
"commercial electrician mobile al",10,20.82,MEDIUM,"commercial electrician"
"commercial electrician lighting",10,140.83,HIGH,"commercial electrician"
"commercial electrician utah",10,25.6,HIGH,"commercial electrician"
"commercial electrician requirements",10,,LOW,"commercial electrician"
"commercial electrician erie pa",10,,,"commercial electrician"
"commercial electrician jobs calgary",10,0.02,LOW,"commercial electrician"
"commercial electrician washington dc",10,,HIGH,"commercial electrician"
"commercial electrician springfield mo",10,13.72,HIGH,"commercial electrician"
"commercial electrician york pa",10,,LOW,"commercial electrician"
"commercial electrician aurora co",10,,LOW,"commercial electrician"
"commercial electrician swindon",10,,,"commercial electrician"
"commercial electrician oakland",10,,HIGH,"commercial electrician"
"commercial electrician boulder co",10,,MEDIUM,"commercial electrician"
"commercial electrician tool bag",10,0.19,HIGH,"commercial electrician"
"commercial electrician cleveland",10,60.73,HIGH,"commercial electrician"
"commercial electrician kannapolis nc",10,,,"commercial electrician"
"commercial electrician wellington",10,,,"commercial electrician"
"commercial electrician perth",10,,LOW,"commercial electrician"
"commercial electrician newcastle",10,,,"commercial electrician"
"commercial electrician norman ok",10,,,"commercial electrician"
"commercial electrician ma",10,,LOW,"commercial electrician"
"commercial electrician birmingham al",10,36,HIGH,"commercial electrician"
"commercial electrician townsville",10,,,"commercial electrician"
"commercial electrician brooklyn",10,19.87,MEDIUM,"commercial electrician"
"commercial electrician milton keynes",10,,,"commercial electrician"
"commercial electrician buffalo ny",10,,HIGH,"commercial electrician"
"st petersburg fl commercial electrician",10,,,"commercial electrician"
"commercial electrician nottingham",10,,LOW,"commercial electrician"
"commercial electrician alpharetta",10,41.8,LOW,"commercial electrician"
"commercial electrician olympia wa",10,,HIGH,"commercial electrician"
"commercial electrician jobs phoenix az",10,2.23,MEDIUM,"commercial electrician"
"commercial electrician long beach ca",10,13.59,LOW,"commercial electrician"
"commercial electrician surrey",10,,LOW,"commercial electrician"
"commercial electrician montreal",10,,LOW,"commercial electrician"
"commercial electrician greenville nc",10,,,"commercial electrician"
"asheville commercial electrician",10,,MEDIUM,"commercial electrician"
"commercial electrician hayward ca",10,,MEDIUM,"commercial electrician"
"commercial office electrician",10,,,"commercial electrician"
"commercial electrician vancouver",10,,LOW,"commercial electrician"
"commercial electrician melbourne fl",10,12.66,HIGH,"commercial electrician"
"commercial electrician kent",10,,HIGH,"commercial electrician"
"commercial electrician montgomery al",10,,MEDIUM,"commercial electrician"
"commercial electrician franklin tn",10,28.33,HIGH,"commercial electrician"
"commercial electrician oxford",10,,,"commercial electrician"
"commercial electrician southampton",10,,,"commercial electrician"
"residential electrician vs commercial electrician",10,,LOW,"commercial electrician"
"commercial vs domestic electrician",10,,,"commercial electrician"
"commercial electrician london ontario",10,,,"commercial electrician"
"residential/commercial industrial electrician",10,,LOW,"commercial electrician"
"commercial electrician cary nc",10,45.43,HIGH,"commercial electrician"
"what's better commercial or residential electrician",10,,LOW,"commercial electrician"
"commercial electrician ontario",10,,HIGH,"commercial electrician"
"commercial electrician midland tx",10,,LOW,"commercial electrician"
"day in the life of a commercial electrician",10,,LOW,"commercial electrician"
"commercial electrician training courses",10,,,"commercial electrician"
"commercial electrician brampton",10,,,"commercial electrician"
"commercial electrician coventry",10,,,"commercial electrician"
"commercial electrician aurora",10,21.12,HIGH,"commercial electrician"
"local commercial electrician",10,6.8,HIGH,"commercial electrician"
"commercial electrician cleveland ohio",10,60.73,HIGH,"commercial electrician"
"commercial electrician tyler tx",10,1.83,HIGH,"commercial electrician"
"commercial electrician liverpool",10,,,"commercial electrician"
"commercial electrician laredo tx",10,,LOW,"commercial electrician"
"commercial electrician bristol",10,,,"commercial electrician"
"residential vs commercial vs industrial electrician salary",10,,LOW,"commercial electrician"
"commercial electrician salary washington state",10,,LOW,"commercial electrician"
"commercial vehicle electrician",10,,,"commercial electrician"
"entry level commercial electrician jobs",10,2.93,LOW,"commercial electrician"
"commercial electrician salary ontario",10,,,"commercial electrician"
"commercial electrician preston",10,,,"commercial electrician"
"commercial electrician bradford",10,,,"commercial electrician"
"commercial electrician day in the life",10,,,"commercial electrician"
"commercial electrician hamilton",10,,LOW,"commercial electrician"
"commercial vs residential electrician pay",10,,LOW,"commercial electrician"
"commercial electrician vs industrial",10,,LOW,"commercial electrician"
"commercial electrician hampton va",10,,,"commercial electrician"
"commercial solar electrician",10,8.5,MEDIUM,"commercial electrician"
"occidental leather commercial electrician",10,2.16,HIGH,"commercial electrician"
"commercial electrician sunshine coast",10,,,"commercial electrician"
"commercial electrician cambridge",10,,,"commercial electrician"
"commercial electrician bellevue wa",10,,,"commercial electrician"
"commercial electrician mooresville nc",10,113.75,HIGH,"commercial electrician"
"commercial electrician cardiff",10,,,"commercial electrician"
"commercial electrician sarasota fl",10,,LOW,"commercial electrician"
"commercial electrician in perth",10,,LOW,"commercial electrician"
"commercial electrician georgetown tx",10,31.33,HIGH,"commercial electrician"
"commercial electrician salary uk",10,,LOW,"commercial electrician"
"commercial electrician indianapolis in",10,,,"commercial electrician"
"24 7 commercial electrician",10,77.74,HIGH,"commercial electrician"
"boulder commercial electrician",10,,MEDIUM,"commercial electrician"
"commercial electrician concord nc",10,,LOW,"commercial electrician"
"commercial electrician scottsdale",10,15.85,MEDIUM,"commercial electrician"
"commercial electrician plymouth",10,,,"commercial electrician"
"commercial auto electrician",10,,LOW,"commercial electrician"
"commercial electrician northampton",10,,HIGH,"commercial electrician"
"commercial electrician little rock",10,26.66,MEDIUM,"commercial electrician"
"commercial electrician and residential difference",10,,LOW,"commercial electrician"
"commercial electrician virginia",10,6.28,HIGH,"commercial electrician"
"commercial electrician barrie",10,,,"commercial electrician"
"commercial maintenance electrician",10,,LOW,"commercial electrician"
"commercial electrician brighton",10,,LOW,"commercial electrician"
"domestic vs commercial electrician",10,,LOW,"commercial electrician"
"commercial electrician ocala fl",10,26.17,MEDIUM,"commercial electrician"
"commercial electrician toronto",10,16.46,LOW,"commercial electrician"
"difference between domestic and commercial electrician",10,,,"commercial electrician"
"commercial electrician oakland ca",10,,HIGH,"commercial electrician"
"commercial electrician tips and tricks",10,,,"commercial electrician"
"tesla commercial field service electrician salary",10,,,"commercial electrician"
"commercial journeyman electrician job description",10,,LOW,"commercial electrician"
"commercial electrician grand prairie tx",10,9.7,HIGH,"commercial electrician"
"commercial electrician matthews nc",10,,LOW,"commercial electrician"
"boston commercial electrician",10,0.5,MEDIUM,"commercial electrician"
"commercial electrician brisbane",10,,LOW,"commercial electrician"
"commercial electrician in tulsa ok",10,,,"commercial electrician"
"commercial vehicle electrician near me",10,,HIGH,"commercial electrician"
"industrial electrical company in california",10,,,"industrial electrical"
"industrial electrical companies in louisiana",10,,,"industrial electrical"
"basic industrial electrical test",10,2.47,MEDIUM,"industrial electrical"
"industrial electrical contractors charlotte nc",10,,HIGH,"industrial electrical"
"electrical design of commercial and industrial buildings by john hauck",10,,,"industrial electrical"
"industrial electrical troubleshooting book pdf",10,,,"industrial electrical"
"greenlee electrical industrial supply inc",10,4.7,MEDIUM,"industrial electrical"
"industrial electrical supplies gainsborough",10,,,"industrial electrical"
"industrial electrical network design guide schneider pdf",10,,,"industrial electrical"
"tas electrical and industrial services",10,,,"industrial electrical"
"industrial electrical estimating software",10,67.84,HIGH,"industrial electrical"
"industrial electrical panel board",10,,MEDIUM,"industrial electrical"
"industrial electrical logo",10,,LOW,"industrial electrical"
"industrial electrical contractors in chennai",10,,,"industrial electrical"
"industrial electrical maintenance test questions",10,,,"industrial electrical"
"industrial electrical enclosures manufacturers",10,,HIGH,"industrial electrical"
"industrial fire and electrical",10,,,"industrial electrical"
"industrial conduit fittings electrical",10,,,"industrial electrical"
"industrial electrical systems pdf",10,,,"industrial electrical"
"industrial electrical instrumentation technician salary",10,,LOW,"industrial electrical"
"industrial electrical products list",10,,,"industrial electrical"
"industrial electrical cost calculator",10,,,"industrial electrical"
"what is industrial electrical maintenance",10,,LOW,"industrial electrical"
"industrial electrical contractors cincinnati",10,,,"industrial electrical"
"industrial electrical plan",10,,,"industrial electrical"
"industrial electrical accessories",10,,LOW,"industrial electrical"
"industrial electrical maintenance certificate",10,25.11,MEDIUM,"industrial electrical"
"electrical hazards in industrial safety",10,,,"industrial electrical"
"industrial electrical inspection checklist",10,0.15,MEDIUM,"industrial electrical"
"industrial electrical buyers",10,15.39,MEDIUM,"industrial electrical"
"industrial electrical maintenance pdf",10,,LOW,"industrial electrical"
"anu controls industrial electrical control panels in bangalore",10,,LOW,"industrial electrical"
"jom electrical & industrial supply",10,,,"industrial electrical"
"atlantic industrial mechanical & electrical inc",10,,MEDIUM,"industrial electrical"
"electrical load calculation for industrial",10,,LOW,"industrial electrical"
"advantage industrial and electrical supply",10,,LOW,"industrial electrical"
"industrial electrical technology degree",10,,MEDIUM,"industrial electrical"
"industrial electrical installation pdf",10,,LOW,"industrial electrical"
"electrical manufacturing industrial",10,,LOW,"industrial electrical"
"basics of industrial electrical wiring",10,,,"industrial electrical"
"industrial electrical safety rules",10,,LOW,"industrial electrical"
"industrial electrical pre exam workbook",10,,,"industrial electrical"
"industrial electrical electronic control technology pdf",10,,,"industrial electrical"
"industrial electrical panel wiring diagram",10,,,"industrial electrical"
"cbc industrial and electrical supply",10,,,"industrial electrical"
"industrial electrical equipment sales",10,,LOW,"industrial electrical"
"electrical construction and industrial",10,,LOW,"industrial electrical"
"pruitt industrial electrical contractor llc",10,,LOW,"industrial electrical"
"industrial electrical engineering pdf",10,,,"industrial electrical"
"industrial electrical contractors bc",10,,LOW,"industrial electrical"
"industrial electrical training courses",10,4.12,MEDIUM,"industrial electrical"
"industrial electrical projects company photos",10,,,"industrial electrical"
"industrial electrical interview questions and answers",10,,,"industrial electrical"
"industrial electrical installation pdf notes",10,,,"industrial electrical"
"industrial electrical wiring design",10,,,"industrial electrical"
"zenith electrical & industrial supply corp",10,,,"industrial electrical"
"industrial electrical contractors toronto",10,,,"industrial electrical"
"fmc electrical & industrial supply",10,,HIGH,"industrial electrical"
"canyon industrial electrical services ltd",10,,,"industrial electrical"
"industrial electrical training video course library free download",10,,,"industrial electrical"
"industrial domestic electrical services ltd",10,,,"industrial electrical"
"industrial electrical elements",10,13.99,HIGH,"industrial electrical"
"industrial electrical contractors spokane wa",10,,,"industrial electrical"
"industrial electrical projects company",10,,HIGH,"industrial electrical"
"industrial electrical maintenance tips",10,,,"industrial electrical"
"poh hiap electrical industrial engineering",10,,,"industrial electrical"
"bachelor of industrial technology major in electrical",10,,LOW,"industrial electrical"
"electrical vs industrial engineering",10,,LOW,"industrial electrical"
"industrial electrical appliances",10,,LOW,"industrial electrical"
"allied electrical and industrial supply",10,,LOW,"industrial electrical"
"industrial electrical parts near me",10,3.92,MEDIUM,"industrial electrical"
"industrial electronics and electrical maintenance",10,,LOW,"industrial electrical"
"industrial electrical technician resume",10,,,"industrial electrical"
"q electrical industrial services ltd",10,,LOW,"industrial electrical"
"electrical engineering industrial training",10,,,"industrial electrical"
"tesda industrial electrical course",10,,LOW,"industrial electrical"
"electrical design of commercial and industrial buildings",10,,LOW,"industrial electrical"
"industrial electrical contractors spartanburg sc",10,,LOW,"industrial electrical"
"industrial electrical technology jobs",10,,LOW,"industrial electrical"
"industrial electrical safety training ppt",10,,HIGH,"industrial electrical"
"industrial plant electrical system design",10,,,"industrial electrical"
"electrical industrial parts",10,,LOW,"industrial electrical"
"industrial electrical installation certificate",10,,,"industrial electrical"
"industrial electrical safety quiz questions and answers",10,,,"industrial electrical"
"industrial electrical diagram symbols",10,,LOW,"industrial electrical"
"electrical code simplified commercial & industrial wiring",10,,,"industrial electrical"
"electrical distribution board industrial",10,,,"industrial electrical"
"industrial electrical panel wiring training with all details",10,,,"industrial electrical"
"industrial electrical outlet covers",10,0.81,MEDIUM,"industrial electrical"
"cse industrial electrical distributors ltd",10,,LOW,"industrial electrical"
"industrial electrical instrumentation technician",10,,LOW,"industrial electrical"
"types of industrial electrical panels",10,,,"industrial electrical"
"industrial electrical wiring diagram symbols",10,,LOW,"industrial electrical"
"industrial automation & electrical systems ltd",10,,,"industrial electrical"
"industrial electrical symbols for drawings",10,,LOW,"industrial electrical"
"q electrical industrial services",10,,LOW,"industrial electrical"
"industrial electrical socket box",10,,LOW,"industrial electrical"
"industrial application of electrical drives",10,,,"industrial electrical"
"industrial electrical drawing symbols",10,,LOW,"industrial electrical"
"industrial electrical companies alberta",10,,,"industrial electrical"
"electrical drawing industrial",10,,,"industrial electrical"
"industrial electrical troubleshooting book",10,1.18,HIGH,"industrial electrical"
"industrial style electrical sockets",10,,LOW,"industrial electrical"
"industrial automation electrical engineering",10,,LOW,"industrial electrical"
"industrial electrical layout",10,,LOW,"industrial electrical"
"qa electrical industrial services",10,,,"industrial electrical"
"jr industrial electrical engineering",10,,,"industrial electrical"
"industrial electrical drawing",10,6.25,LOW,"industrial electrical"
"industrial electrical board",10,,,"industrial electrical"
"washington electrical & industrial supply",10,,,"industrial electrical"
"industrial electrical connections",10,,LOW,"industrial electrical"
"industrial electrical distribution board",10,,HIGH,"industrial electrical"
"industrial electrical sydney",10,,,"industrial electrical"
"light source electrical & industrial corp",10,,,"industrial electrical"
"allied electrical & industrial supply",10,,LOW,"industrial electrical"
"industrial electrical training pdf",10,,MEDIUM,"industrial electrical"
"what is industrial electrical installation",10,,,"industrial electrical"
"industrial installation electrical",10,,,"industrial electrical"
"industrial electrical practice test",10,1.77,MEDIUM,"industrial electrical"
"industrial electrical pdf",10,,LOW,"industrial electrical"
"industrial electrical standards",10,,LOW,"industrial electrical"
"industrial electrical supplies lincs ltd",10,,,"industrial electrical"
"industrial electrical contractors chicago",10,4.32,MEDIUM,"industrial electrical"
"iec industrial electrical contractors",10,,LOW,"industrial electrical"
"industrial electrical estimation services",10,,,"industrial electrical"
"troubleshooting industrial electrical problems",10,,MEDIUM,"industrial electrical"
"industrial building electrical requirements",10,,LOW,"industrial electrical"
"industrial electrical equipment for sale",10,,,"industrial electrical"
"industrial electrical tutorial",10,,,"industrial electrical"
"industrial electrical contractors perth",10,,,"industrial electrical"
"industrial electrical supplies canterbury ltd",10,,LOW,"industrial electrical"
"texas industrial electrical supply",10,,LOW,"industrial electrical"
"cse industrial electrical distributors",10,,LOW,"industrial electrical"
"industrial electrical and instrumentation",10,,LOW,"industrial electrical"
"nx industrial electrical design",10,,LOW,"industrial electrical"
"industrial electrical electronic control technology",10,,,"industrial electrical"
"industrial electrical diagram",10,0.01,LOW,"industrial electrical"
"industrial electrical automation jobs",10,5.96,HIGH,"industrial electrical"
"industrial electrical test equipment",10,,,"industrial electrical"
"industrial electrical supply dallas",10,,,"industrial electrical"
"industrial electrical safety checklist",10,,,"industrial electrical"
"industrial electrical contractors brisbane",10,,,"industrial electrical"
"industrial electrical installers",10,,,"industrial electrical"
"industrial electrical co modesto ca",10,,LOW,"industrial electrical"
"industrial electrical book",10,0.38,HIGH,"industrial electrical"
"industrial electrical load calculation worksheet excel",10,,,"industrial electrical"
"industrial electrical switch board",10,,,"industrial electrical"
"industrial electrical tools list pdf",10,,LOW,"industrial electrical"
"industrial electrical perth",10,,,"industrial electrical"
"waco industrial electrical distributor",10,,LOW,"industrial electrical"
"industrial automation and electrical services",10,,,"industrial electrical"
"pt marine industrial electrical",10,,,"industrial electrical"
"industrial training for electrical engineers",10,,,"industrial electrical"
"bs industrial technology major in electrical",10,,LOW,"industrial electrical"
"industrial electrical supply online",10,,LOW,"industrial electrical"
"industrial electrical interview questions",10,,LOW,"industrial electrical"
"industrial electrical work images",10,,LOW,"industrial electrical"
"industrial electrical book pdf",10,,,"industrial electrical"
"residential commercial and industrial electrical systems pdf",10,0.2,LOW,"industrial electrical"
"industrial electrical engineering interview questions and answers",10,,,"industrial electrical"
"industrial electrical careers",10,,LOW,"industrial electrical"
"electrical and industrial supply",10,,LOW,"industrial electrical"
"introduction to industrial electrical maintenance",10,,,"industrial electrical"
"electrical wiring industrial answer key",10,,,"industrial electrical"
"electrical and industrial supplies",10,,LOW,"industrial electrical"
"electrical wiring industrial book",10,0.55,HIGH,"industrial electrical"
"advantage industrial & electrical supply",10,,,"industrial electrical"
"industrial fire & electrical",10,,,"industrial electrical"
"industrial electrical receptacle",10,,HIGH,"industrial electrical"
"industrial electrical socket types",10,,,"industrial electrical"
"industrial electrical goods",10,,LOW,"industrial electrical"
"industrial marine electrical",10,,LOW,"industrial electrical"
"industrial electrical test questions",10,,LOW,"industrial electrical"
"basic industrial electrical wiring",10,,LOW,"industrial electrical"
"electrical motor controls automated industrial systems",10,4.25,HIGH,"industrial electrical"
"industrial electrical safety posters",10,,,"industrial electrical"
"industrial electrical company fresno",10,,LOW,"industrial electrical"
"industrial training institute electrical",10,,,"industrial electrical"
"lord electrical industrial distributors ltd",10,,,"industrial electrical"
"industrial electrical switchboards",10,,LOW,"industrial electrical"
"circulated electrical & industrial supply",10,,,"industrial electrical"
"industrial electrical equipment co",10,,,"industrial electrical"
"industrial electrical circuits",10,,LOW,"industrial electrical"
"industrial electrical fire",10,,LOW,"industrial electrical"
"industrial electrical co near me",10,,LOW,"industrial electrical"
"industrial electrical wiring basics pdf",10,,LOW,"industrial electrical"
"phe industrial electrical contractors",10,,,"industrial electrical"
"industrial electrical cable suppliers",10,,LOW,"industrial electrical"
"industrial electrical engineering handbook pdf",10,,LOW,"industrial electrical"
"industrial electrical wiring book pdf free download",10,,LOW,"industrial electrical"
"industrial electrical fire safety",10,,,"industrial electrical"
"industrial electrical troubleshooting lynn lundquist pdf",10,,LOW,"industrial electrical"
"industrial electrical drives",10,,LOW,"industrial electrical"
"industrial electrical pipe",10,,LOW,"industrial electrical"
"industrial electrical contractors alberta",10,,,"industrial electrical"
"industrial electrical contractors dallas tx",10,6.65,MEDIUM,"industrial electrical"
"industrial electrical control panel design book pdf",10,,LOW,"industrial electrical"
"electrical wiring industrial pdf free download",10,,,"industrial electrical"
"industrial electrical maintenance books pdf",10,1.23,HIGH,"industrial electrical"
"industrial engineering or electrical engineering",10,,LOW,"industrial electrical"
"electrical engineering industrial control",10,,LOW,"industrial electrical"
"panduit industrial electrical solutions catalog",10,,,"industrial electrical"
"bachelor of industrial technology major in electrical technology",10,,,"industrial electrical"
"industrial electrical panel inspection checklist",10,,LOW,"industrial electrical"
"industrial electrical estimating",10,,MEDIUM,"industrial electrical"
"industrial electrical wholesaler",10,,LOW,"industrial electrical"
"electrical industrial projects",10,,LOW,"industrial electrical"
"ies industrial electrical services",10,,LOW,"industrial electrical"
"industrial electrical troubleshooting training",10,18.81,MEDIUM,"industrial electrical"
"industrial electrical distribution boards",10,,HIGH,"industrial electrical"
"industrial electrical supply houston",10,,HIGH,"industrial electrical"
"industrial switch electrical",10,,HIGH,"industrial electrical"
"china electrical equipment industrial association",10,,,"industrial electrical"
"industrial electrical grounding techniques",10,,,"industrial electrical"
"industrial electrical group charlotte",10,,,"industrial electrical"
"troubleshooting industrial electrical problems pdf",10,,,"industrial electrical"
"industrial area electrical shop",10,,,"industrial electrical"
"industrial electrical motor controls",10,,LOW,"industrial electrical"
"industrial electrical items",10,,,"industrial electrical"
"major group 72 industrial electrical and construction trades",10,,,"industrial electrical"
"industrial electrical projects company iepc",10,,LOW,"industrial electrical"
"industrial electrical engineering company",10,,LOW,"industrial electrical"
"modesto industrial electrical company",10,,LOW,"industrial electrical"
"electrical exposure in industrial safety",10,,,"industrial electrical"
"how to read industrial electrical drawings",10,,LOW,"industrial electrical"
"industrial electrical pictures",10,,LOW,"industrial electrical"
"industrial electrical load calculation",10,,LOW,"industrial electrical"
"industrial electrical companies calgary",10,,,"industrial electrical"
"industrial electrical maintenance level 3",10,,,"industrial electrical"
"industrial electrical engineer jobs",10,,LOW,"industrial electrical"
"industrial electrical contractors louisiana",10,5.42,LOW,"industrial electrical"
"industrial electrical maintenance troubleshooting",10,,,"industrial electrical"
"industrial electrical items list",10,,,"industrial electrical"
"industrial engineering vs electrical engineering salary",10,,LOW,"industrial electrical"
"industrial electrical wire types",10,,,"industrial electrical"
"industrial electrical test bench",10,,,"industrial electrical"
"bachelor of electrical engineering technology industrial power with honours",10,,,"industrial electrical"
"industrial electrical contractors nashville tn",10,,LOW,"industrial electrical"
"industrial electrical jobs alberta",10,,LOW,"industrial electrical"
"industrial electrical circuit diagram",10,0.01,LOW,"industrial electrical"
"industrial electrical panel design",10,13.94,MEDIUM,"industrial electrical"
"industrial electrical co modesto ca 95350",10,,,"industrial electrical"
"industrial electrical license",10,4.05,MEDIUM,"industrial electrical"
"industrial electrical plug types",10,,,"industrial electrical"
"industrial electrical & air conditioning services ltd",10,,,"industrial electrical"
"industrial electrical tools list",10,,LOW,"industrial electrical"
"industrial electrical troubleshooting simulator",10,8.91,LOW,"industrial electrical"
"industrial electrical engineer job description",10,,LOW,"industrial electrical"
"industrial electrical testing jacksonville",10,17.31,HIGH,"industrial electrical"
"how to read industrial electrical blueprints",10,2.27,LOW,"industrial electrical"
"industrial electrical cable sizes",10,,,"industrial electrical"
"electrical wiring industrial 17th edition pdf",10,1.46,MEDIUM,"industrial electrical"
"industrial electrical contractors jacksonville fl",10,4.1,HIGH,"industrial electrical"
"industrial electrical wiring book pdf",10,,LOW,"industrial electrical"
"industrial electrical contractors idaho",10,,,"industrial electrical"
"industrial electrical timer",10,0.93,HIGH,"industrial electrical"
"electrical wiring industrial 15th edition",10,0.26,MEDIUM,"industrial electrical"
"industrial electrical contractors in pune",10,,,"industrial electrical"
"industrial electrical engineering apprenticeship",10,,LOW,"industrial electrical"
"industrial electrical breakdowns and services",10,,,"industrial electrical"
"industrial electrical power",10,,LOW,"industrial electrical"
"industrial electrical salvage",10,,,"industrial electrical"
"industrial electrical symbols and meanings",10,,LOW,"industrial electrical"
"industrial electrical spare parts",10,,LOW,"industrial electrical"
"industrial electrical books pdf",10,,,"industrial electrical"
"industrial electrical extension box",10,,LOW,"industrial electrical"
"industrial electrical maintenance book pdf free download",10,,,"industrial electrical"
"canadian industrial electrical supply",10,,LOW,"industrial electrical"
"industrial electrical codes and standards",10,,HIGH,"industrial electrical"
"canadian industrial electrical",10,,LOW,"industrial electrical"
"industrial electrical maintenance course",10,24.52,MEDIUM,"industrial electrical"
"industrial electrical engineering courses",10,,,"industrial electrical"
"what is electrical maintenance work in industrial",10,,,"industrial electrical"
"electrical and industrial engineering",10,,,"industrial electrical"
"industrial electrical services sioux city",10,18.19,LOW,"industrial electrical"
"energy network electrical & industrial services corporation",10,,,"industrial electrical"
"industrial electrical safety pdf",10,,LOW,"industrial electrical"
"industrial electrical cabinet air conditioner",10,6.57,HIGH,"industrial electrical"
"industrial maintenance electrical & instrumentation technician level 1",10,,,"industrial electrical"
"industrial electrical contractors calgary",10,,,"industrial electrical"
"industrial electrical parts suppliers",10,,,"industrial electrical"
"industrial electrical plugs and receptacles",10,,,"industrial electrical"
"industrial electrical training video library",10,,,"industrial electrical"
"reading industrial electrical schematics",10,,LOW,"industrial electrical"
"industrial electrical design courses",10,,,"industrial electrical"
"est industrial electrical service and trading co ltd",10,,,"industrial electrical"
"residential commercial and industrial electrical systems equipment and selection",10,,,"industrial electrical"
"heavy industrial electrical contractors",10,,MEDIUM,"industrial electrical"
"electrical industrial distributors",10,,LOW,"industrial electrical"
"industrial electrical contractors phoenix az",10,,MEDIUM,"industrial electrical"
"industrial electrical wiring diagram pdf",10,,LOW,"industrial electrical"
"industrial electrical contractors los angeles",10,1.72,LOW,"industrial electrical"
"industrial electrical system 1",10,,,"industrial electrical"
"industrial automation electrical",10,,LOW,"industrial electrical"
"atlas electrical industrial",10,,,"industrial electrical"
"online industrial electrical degree",10,37.9,HIGH,"industrial electrical"
"electrical safety for industrial facilities",10,,MEDIUM,"industrial electrical"
"electrical design of commercial and industrial buildings pdf free download",10,,,"industrial electrical"
"industrial electrical projects co kuwait",10,,,"industrial electrical"
"industrial electrical supply mobile al",10,,MEDIUM,"industrial electrical"
"industrial electrical contractors in california",10,,LOW,"industrial electrical"
"industrial electrical material list",10,,LOW,"industrial electrical"
"industrial electrical testing equipment",10,0.84,HIGH,"industrial electrical"
"richworld electrical and industrial corp",10,,,"industrial electrical"
"industrial electrical accessories with names pdf",10,,,"industrial electrical"
"industrial electrical contractors ontario",10,,,"industrial electrical"
"industrial electrical switchboard",10,,LOW,"industrial electrical"
"industrial electrical drawing software",10,,HIGH,"industrial electrical"
"industrial electrical wiring book pdf free download in hindi",10,,LOW,"industrial electrical"
"industrial electrical companies edmonton",10,,,"industrial electrical"
"electrical industrial equipment",10,1.32,LOW,"industrial electrical"
"industrial training electrical engineering",10,,,"industrial electrical"
"advance electrical and industrial supply",10,,LOW,"industrial electrical"
"industrial electrical contractors baton rouge",10,,LOW,"industrial electrical"
"industrial electrical wiring basics",10,,LOW,"industrial electrical"
"industrial electrical systems course",10,,,"industrial electrical"
"industrial technology major in electrical",10,,,"industrial electrical"
"electrical wiring industrial 17th edition",10,,,"industrial electrical"
"lockwell electrical industrial",10,,LOW,"industrial electrical"
"electrical wiring industrial 16th edition",10,2.86,HIGH,"industrial electrical"
"va industrial electrical services",10,,,"industrial electrical"
"global electrical industrial sdn bhd",10,,,"industrial electrical"
"industrial electrical connection",10,,LOW,"industrial electrical"
"compare industrial and residential electrical installation",10,,LOW,"industrial electrical"
"marine industrial electrical",10,,,"industrial electrical"
"industrial electrical projects kuwait",10,,LOW,"industrial electrical"
"industrial electrical material",10,0.93,MEDIUM,"industrial electrical"
"electrical drives industrial applications",10,,,"industrial electrical"
"industrial electrical consumables list",10,,,"industrial electrical"
"baroda industrial electrical products private limited",10,,,"industrial electrical"
"types of industrial electrical switches",10,6.77,HIGH,"industrial electrical"
"electrical wiring industrial pdf download",10,,,"industrial electrical"
"industrial machines electrical",10,,,"industrial electrical"
"peak industrial electrical",10,,,"industrial electrical"
"electrical design of commercial and industrial buildings pdf",10,,LOW,"industrial electrical"
"industrial electrical solution",10,,LOW,"industrial electrical"
"marion industrial electrical supply",10,,LOW,"industrial electrical"
"electrical industrial fan",10,,,"industrial electrical"
"bachelor of science in industrial technology major in electrical technology",10,,LOW,"industrial electrical"
"industrial electrical accidents",10,,LOW,"industrial electrical"
"industrial electrical equipment list pdf",10,,LOW,"industrial electrical"
"zenith electrical & industrial supply corporation",10,,LOW,"industrial electrical"
"industrial electrical capacitors",10,,,"industrial electrical"
"electrical industrial control engineering",10,,,"industrial electrical"
"industrial electrical equipment repair",10,,LOW,"industrial electrical"
"industrial electrical estimator",10,39.86,MEDIUM,"industrial electrical"
"ies industrial electrical services ltd",10,,LOW,"industrial electrical"
"industrial electrical supervisor jobs",10,,LOW,"industrial electrical"
"basic industrial electrical training",10,2.03,MEDIUM,"industrial electrical"
"electrical drawing symbols industrial",10,0.01,LOW,"industrial electrical"
"industrial electrical questions and answers",10,,,"industrial electrical"
"electrical industrial board",10,,,"industrial electrical"
"industrial electrical layout plan",10,,LOW,"industrial electrical"
"industrial electrical drawings",10,6.25,LOW,"industrial electrical"
"industrial electrical contractors bowling green ky",10,,LOW,"industrial electrical"
"industrial surplus electrical",10,,LOW,"industrial electrical"
"industrial electrical instrumentation",10,,LOW,"industrial electrical"
"industrial electrical sockets and plugs",10,,,"industrial electrical"
"industrial electrical design books",10,,,"industrial electrical"
"industrial electrical services montgomery al",10,,MEDIUM,"industrial electrical"
"industrial electrical warehouse",10,,LOW,"industrial electrical"
"industrial automation course for electrical engineer",10,,,"industrial electrical"
"industrial electrical questions",10,,LOW,"industrial electrical"
"industrial electrical panel wiring diagram pdf",10,,LOW,"industrial electrical"
"industrial electrical projects company kuwait",10,,LOW,"industrial electrical"
"tayan electrical and industrial components enterprises",10,,,"industrial electrical"
"industrial arts electrical installation and maintenance",10,,,"industrial electrical"
"tas electrical & industrial services",10,,,"industrial electrical"
"industrial electrical and construction trades",10,,,"industrial electrical"
"industrial electrical contractors south carolina",10,,,"industrial electrical"
"industrial electrical contractors kent",10,,,"industrial electrical"
"industrial electrical co jobs",10,,,"industrial electrical"
"industrial electrical knowledge",10,,MEDIUM,"industrial electrical"
"industrial electrical design software",10,,MEDIUM,"industrial electrical"
"american electrical industrial",10,,,"industrial electrical"
"industrial electronics and electrical maintenance technology salary",10,,LOW,"industrial electrical"
"electrical wiring industrial 17th edition answer key",10,,,"industrial electrical"
"industrial electrical wiring symbols",10,,LOW,"industrial electrical"
"industrial electrical safety shoes",10,,,"industrial electrical"
"industrial electrical technician job description",10,,LOW,"industrial electrical"
"industrial electrical components list with images pdf",10,,,"industrial electrical"
"k&n industrial & electrical sdn bhd",10,,LOW,"industrial electrical"
"industrial electrical co ltd thailand",10,,,"industrial electrical"
"industrial electrical system design",10,,LOW,"industrial electrical"
"industrial electrical trunking",10,,LOW,"industrial electrical"
"nccer industrial maintenance electrical & instrumentation",10,10.23,MEDIUM,"industrial electrical"
"industrial electrical safety drawing",10,,LOW,"industrial electrical"
"industrial electrical code",10,,LOW,"industrial electrical"
"industrial electrical safety video",10,13.49,LOW,"industrial electrical"
"industrial electrical projects",10,,LOW,"industrial electrical"
"heat loss from electrical and control equipment in industrial plants",10,,LOW,"industrial electrical"
"cbc industrial & electrical supply",10,,,"industrial electrical"
"industrial maintenance electrical and instrumentation technician",10,,LOW,"industrial electrical"
"autocad industrial electrical symbols blocks free download",10,,,"industrial electrical"
"industrial electrical system pdf",10,,,"industrial electrical"
"american industrial control and electrical supply",10,,LOW,"industrial electrical"
"industrial electrical safety training",10,8.83,MEDIUM,"industrial electrical"
"industrial electrical wiring design installation and maintenance",10,,,"industrial electrical"
"industrial electrical preventive maintenance checklist",10,,LOW,"industrial electrical"
"industrial electrical panel components",10,,MEDIUM,"industrial electrical"
"zenith electrical & industrial supply",10,,,"industrial electrical"
"industrial electrical components pdf",10,,LOW,"industrial electrical"
"industrial electrical system notes pdf",10,,LOW,"industrial electrical"
"industrial electrical supply brooklyn ny",10,,LOW,"industrial electrical"
"industrial electrical contractor portland oregon",10,,LOW,"industrial electrical"
"industrial electrical machine drive",10,,,"industrial electrical"
"industrial electrical contractors brockville limited",10,,,"industrial electrical"
"industrial electrical contractor toronto",10,,,"industrial electrical"
"industrial electrical panel wiring",10,,LOW,"industrial electrical"
"industrial electrical installations",10,,LOW,"industrial electrical"
"electrical industrial panel",10,0.01,MEDIUM,"industrial electrical"
"electrical panel design software industrial power control",10,,,"industrial electrical"
"vintage industrial electrical",10,,LOW,"industrial electrical"
"industrial electrical motor & armature repairs co ltd",10,,,"industrial electrical"
"industrial training for electrical engineering",10,,,"industrial electrical"
"industrial electrical materials",10,0.93,MEDIUM,"industrial electrical"
"industrial electrical basics pdf",10,,LOW,"industrial electrical"
"industrial electrical engineering books",10,,,"industrial electrical"
"industrial look electrical fittings",10,,LOW,"industrial electrical"
"industrial training report for electrical engineering students",10,,,"industrial electrical"
"industrial technology electrical",10,,LOW,"industrial electrical"
"industrial electrical services houston tx",10,,HIGH,"industrial electrical"
"industrial electrical books free download",10,,,"industrial electrical"
"industrial electrical services ltd",10,,,"industrial electrical"
"industrial training certificate format for electrical engineering students",10,,,"industrial electrical"
"industrial engineering electrical pvt ltd",10,,,"industrial electrical"
"industrial electrical troubleshooting guide pdf",10,,,"industrial electrical"
"electrical slip rings industrial",10,,,"industrial electrical"
"industrial electrical codes",10,,LOW,"industrial electrical"
"nec pocket guide to commercial and industrial electrical installations",10,,MEDIUM,"industrial electrical"
"industrial electrical wiring design installation and maintenance pdf",10,,,"industrial electrical"
"industrial electrical fault finding",10,,,"industrial electrical"
"canadian industrial electrical supply edmonton",10,,,"industrial electrical"
"electrical industrial wiring diagram",10,,,"industrial electrical"
"electrical wiring industrial 16th edition pdf free",10,,LOW,"industrial electrical"
"industrial electrical safety tips",10,,MEDIUM,"industrial electrical"
"industrial electrical solutions srl",10,,,"industrial electrical"
"industrial electrical extension board",10,,,"industrial electrical"
"electrical industrial socket",10,,,"industrial electrical"
"canadian industrial electrical supply edmonton ab",10,,,"industrial electrical"
"industrial electrical drawing pdf free download",10,,LOW,"industrial electrical"
"industrial electronics and electrical maintenance technology associate degree",10,,MEDIUM,"industrial electrical"
"industrial electrical load calculation pdf",10,2,LOW,"industrial electrical"
"industrial electrical safety presentation",10,,LOW,"industrial electrical"
"troubleshooting industrial electrical circuits",10,,,"industrial electrical"
"industrial electrical plugs and sockets",10,,,"industrial electrical"
"industrial electrical tools names and pictures pdf",10,,LOW,"industrial electrical"
"industrial electrical services houston",10,12.57,MEDIUM,"industrial electrical"
"industrial electrical design pdf",10,,,"industrial electrical"
"industrial electrical shop near me",10,2.27,HIGH,"industrial electrical"
"jumaro industrial and electrical supply",10,,,"industrial electrical"
"bachelor of science in industrial technology major in electrical",10,,,"industrial electrical"
"electrical wiring industrial 16th edition pdf",10,,,"industrial electrical"
"industrial style electrical conduit",10,,LOW,"industrial electrical"
"industrial electrical contractors seattle",10,4.16,HIGH,"industrial electrical"
"how to test for stray voltage in reef tank",10,,LOW,"stray voltage"
"stray voltage wind turbines",10,,,"stray voltage"
"how to check for stray voltage in water",10,,LOW,"stray voltage"
"stray voltage aquarium",10,,LOW,"stray voltage"
"stray voltage blocker",10,,LOW,"stray voltage"
"stray voltage dogs",10,,LOW,"stray voltage"
"how to measure stray voltage",10,,LOW,"stray voltage"
"stray voltage book",10,,LOW,"stray voltage"
"stray voltage meter",10,0.5,HIGH,"stray voltage"
"how do you test for stray voltage in water",10,,,"stray voltage"
"stray voltage detection a self help guide",10,,,"stray voltage"
"how much stray voltage is too much",10,,LOW,"stray voltage"
"stray voltage detection a self-help guide",10,,,"stray voltage"
"how to fix stray voltage",10,,LOW,"stray voltage"
"stray voltage reef tank",10,,LOW,"stray voltage"
"how to detect stray voltage",10,,LOW,"stray voltage"
"stray voltage killing fish",10,,,"stray voltage"
"stray voltage in house wiring",10,,LOW,"stray voltage"
"stray voltage lake",10,,LOW,"stray voltage"
"radiolab stray voltage",10,,LOW,"stray voltage"
"stray voltage definition",10,,LOW,"stray voltage"
"stray voltage in reef tank",10,,LOW,"stray voltage"
"stray voltage on water pipes",10,,LOW,"stray voltage"
"measuring stray voltage with multimeter",10,,LOW,"stray voltage"
"stray voltage dairy cows",10,,LOW,"stray voltage"
"stray voltage hot tub",10,,LOW,"stray voltage"
"stray voltage theory",10,,LOW,"stray voltage"
"stray voltage lawsuit",10,,LOW,"stray voltage"
"stray voltage effects on humans",10,,LOW,"stray voltage"
"stray voltage in pool",10,,LOW,"stray voltage"
"how to test for stray voltage in pool",10,,LOW,"stray voltage"
"acceptable stray voltage in aquarium",10,,,"stray voltage"
"how to fix stray voltage in pool",10,,LOW,"stray voltage"
"stray voltage killing cows",10,,LOW,"stray voltage"
"how to check for stray voltage in aquarium",10,,,"stray voltage"
"aquarium stray voltage",10,,LOW,"stray voltage"
"stray voltage politics",10,,LOW,"stray voltage"
"pool stray voltage",10,,LOW,"stray voltage"
"stray voltage wisconsin",10,,LOW,"stray voltage"
"stray voltage swimming pool",10,,LOW,"stray voltage"
"stray voltage in house",10,,LOW,"stray voltage"
"what is stray voltage dairy cows",10,,LOW,"stray voltage"
"how to test for stray voltage in aquarium",10,,,"stray voltage"
"stray voltage cows radiolab",10,,LOW,"stray voltage"
"stray voltage in freshwater aquarium",10,,LOW,"stray voltage"
"stray voltage in lake",10,,,"stray voltage"
"stray voltage in water",10,,LOW,"stray voltage"
"stray voltage sun ra",10,,LOW,"stray voltage"
"stray voltage mitigation",10,,LOW,"stray voltage"
"stray voltage in aquarium",10,,LOW,"stray voltage"
"how to find stray voltage",10,,LOW,"stray voltage"
"stray voltage on ground wire",10,,LOW,"stray voltage"
"stray voltage in radiator",10,,,"stray voltage"
"how does a stray voltage eliminator work",10,,LOW,"stray voltage"
"stray voltage testing procedure",10,,LOW,"stray voltage"
"how to test for stray voltage in marina",10,,,"stray voltage"
"stray voltage adapter",10,,LOW,"stray voltage"
"is stray voltage dangerous",10,,LOW,"stray voltage"
"fluke sv225 stray voltage eliminator adapter",10,2.02,HIGH,"stray voltage"